step,time_ps,temp_K,press_bar,pxx_bar,pyy_bar,pzz_bar,lx_A,ly_A,lz_A,vol_A3,density_g_cm3,pe_eV_atom
0,0,300,705.476137898999,-336.89471537697,-410.73646495338,2864.05959402735,51.095498823282,29.5,46.8,70542.4456754231,4.50829867197109,-4.87263950503365
1000,1,312.340802835544,929.040950168359,-371.671104260612,-195.853297798767,3354.64725256446,51.2065247848647,29.5641008688068,46.9016922257681,71003.2929340636,4.47903753494129,-4.83327091719164
2000,2,300.308806708882,189.784401494522,-852.789269777254,-1219.08384129349,2641.22631555431,51.218063077486,29.5707625051579,46.9122605166571,71051.3009598114,4.47601113364535,-4.83397702706705
3000,3,304.001222379086,-135.984668598125,-1605.5879977996,-1419.67757537741,2617.31156738264,51.2215984882618,29.5728036755209,46.9154987123516,71066.0152730553,4.47508436957042,-4.83413380776154
4000,4,303.772447945674,-401.793869293829,-1680.12000191042,-1725.05872635218,2199.79712038112,51.226697511784,29.575747598124,46.920169070922,71087.2408908675,4.47374817436414,-4.83364805433258
5000,5,294.365600236085,-737.825450993869,-2048.75833682942,-2202.84363875709,2038.1256226049,51.2324678535674,29.5790791065059,46.9254543113379,71111.2660908533,4.47223670226579,-4.83340344017465
6000,6,299.069073771977,-1717.97359676293,-2890.23141938606,-3156.15749337872,892.468122475987,51.2517208441178,29.590194825783,46.9430887405639,71191.4663521818,4.46719853448216,-4.83265807284332
7000,7,299.068898819576,-1241.6703332403,-2484.95731983696,-2679.17516869626,1439.12148881231,51.2392475778871,29.5829933821671,46.9316640774717,71139.5008374492,4.47046170428971,-4.83413273763925
8000,8,300.370850293886,-441.161495485401,-1750.05869763607,-1731.01135017065,2157.58556135052,51.2281323364444,29.5765759945279,46.9214832726746,71093.2143727513,4.47337227556834,-4.83355422182217
9000,9,297.277790538541,305.241771054432,-1081.94891816635,-961.388479883132,2959.06271121277,51.2190207678178,29.5713154279287,46.9131376958323,71055.2866483887,4.47576006173658,-4.83281015367125
10000,10,292.119831067655,210.464934858126,-1319.57906904403,-1037.71399203405,2988.68786565246,51.2179667058434,29.5707068649641,46.91217224679,71050.8998912843,4.47603639985867,-4.83319154840673
11000,11,306.674351732365,-79.1674196764648,-1519.53867367299,-1324.35782714524,2606.39424178884,51.2237975478569,29.5740733031702,46.9175129012999,71075.1687425017,4.47450804243998,-4.83322694947892
12000,12,308.814137108544,-86.6856364720402,-1450.53614538999,-1527.40444107297,2717.88367704684,51.2222604016863,29.5731858314144,46.9161049800064,71068.7703700518,4.47491088561338,-4.83383124748818
13000,13,302.814579169613,-184.054144029467,-1389.86824491659,-1773.82917180657,2611.53498463476,51.2249004165267,29.5747100446931,46.9185230539537,71079.7596710293,4.47421904108834,-4.8332702758652
14000,14,297.197485922614,-209.017377051226,-1496.54575521985,-1687.21517367032,2556.70879773649,51.224758665753,29.5746282048458,46.9183932198908,71079.1695918123,4.4742561847928,-4.83323828690033
15000,15,311.128010084604,-645.603112665812,-2007.97011654877,-2062.88293777485,2134.04371632618,51.232243252023,29.5789494327437,46.9252485916065,71110.3308462214,4.47229552122104,-4.83373588690271
16000,16,302.761233124849,-674.532060234901,-1835.1348191848,-2070.21634345083,1881.75498193093,51.2312755932127,29.5783907546692,46.9243622819832,71106.3015923311,4.47254894480973,-4.83405824497476
17000,17,301.756038087066,-592.679850553033,-1854.30923570986,-2074.20743559722,2150.47711964798,51.2350356589712,29.580561629647,46.9278062463549,71121.9590587995,4.47156431522334,-4.83231005756823
18000,18,296.477896643817,98.8549678295832,-1430.76587978038,-1231.75168711708,2959.08247038621,51.2183470645346,29.5709264651566,46.9125206294687,71052.4828335436,4.47593668051194,-4.8340212451903
19000,19,305.989531776912,703.161669884339,-875.038421322428,-503.927597130278,3488.45102810572,51.2100223224958,29.5661201730998,46.9048957322393,71017.8430515988,4.47811987087579,-4.83378490797261
20000,20,300.049825607262,478.503911278208,-694.328277166469,-1037.1818569922,3167.02186799329,51.2122864420625,29.5674273631412,46.9069695116949,71027.2630824778,4.4775259576989,-4.83410237443619
21000,21,308.693547544091,212.059622372087,-1025.50568186278,-1281.68872334576,2943.3732723248,51.2207078897306,29.5722894882192,46.9146829847002,71062.308427297,4.47531780481733,-4.83291224607244
22000,22,296.898009715629,65.0910910530345,-1271.74257306402,-1390.1010034962,2857.11684971933,51.2187223126412,29.5711431147523,46.9128643312,71054.0445300767,4.47583830391927,-4.83383262720204
23000,23,298.910551954435,-24.7499340053086,-1185.81504606457,-1482.85359269115,2594.41883673979,51.2209150969238,29.5724091193482,46.9148727723891,71063.1708527678,4.47526349218226,-4.83349723763433
24000,24,299.54122093527,-320.901758415988,-1740.17598602137,-1692.89706462835,2470.36777540175,51.2252514599537,29.5749127197108,46.9188445858458,71081.2210064303,4.47412705709336,-4.83404262037028
25000,25,294.112178516305,-944.834946880225,-2291.38592874459,-2173.07111182662,1629.95219993053,51.237262019091,29.5818470192618,46.929845440727,71131.2310328696,4.4709814456767,-4.83313875617537
26000,26,306.121000008866,-1387.94669779698,-2699.8653867365,-2825.78454239219,1361.80983573774,51.2442632950713,29.5858892078337,46.9362581331054,71160.394033361,4.46914914505683,-4.83320169045604
27000,27,307.73379789616,-810.243611115798,-2006.99117090041,-2209.22546150129,1785.48579905431,51.2334625987687,29.5796534229157,46.9263654302528,71115.4083252888,4.47197620945125,-4.8342705949379
28000,28,293.92549908848,179.02223446351,-1169.58824287486,-1257.59602321491,2964.2509694803,51.2188168017459,29.571197668062,46.9129508767897,71054.4377756582,4.47581353272001,-4.83315876117838
29000,29,302.627914924522,279.361706059865,-1355.03727023223,-831.054723581445,3024.17711199327,51.218460353344,29.5709918724815,46.9126243943088,71052.9543131668,4.47590697994622,-4.83291031776017
30000,30,300.634088502723,307.148077672387,-1261.66589256396,-845.593701077873,3028.703826659,51.2144848670963,29.5686966244262,46.9089831194282,71036.4105836296,4.4769493776955,-4.83406640387155
31000,31,302.39379660006,395.601484211125,-1352.95756275806,-585.881086249806,3125.64310164124,51.2143781575452,29.5686350156379,46.90888538074,71035.9665541093,4.47697736207836,-4.83357064088517
32000,32,295.251519206115,478.012123905497,-1204.80748099087,-643.088109172795,3281.93196188016,51.2119825875389,29.5672519326497,46.9066912016267,71025.9988256744,4.47760565728423,-4.83383999305193
33000,33,303.129445475948,-632.861423856738,-1890.65891111156,-2062.29080226896,2054.36544181032,51.2323455532655,29.5790084963937,46.9253422925832,71110.7568293095,4.47226873030583,-4.83325541172244
34000,34,298.463521095208,-1085.56810098926,-2228.09745721797,-2667.8473919051,1639.24054615528,51.2357195143232,29.5809564537185,46.9284326113223,71124.8069800054,4.47138526851126,-4.83430824009954
35000,35,298.248994947681,-748.837538226859,-2052.27611400768,-2185.37017883357,1991.13367816067,51.231336146564,29.5784257151628,46.9244177447318,71106.5537271774,4.47253308571684,-4.83346877456548
36000,36,298.445442446708,-215.164093820599,-1771.70973143891,-1465.40244683494,2591.61989681205,51.2253014647507,29.5749415899934,46.9188903868364,71081.4291697106,4.47411395452951,-4.83348911292313
37000,37,310.022814847128,115.911647023489,-1503.26766768771,-983.726696502995,2834.72930526118,51.2196040873571,29.5716522076215,46.9136719768364,71057.7143642138,4.47560714556656,-4.83406829640815
38000,38,299.366495131322,1796.08187573186,280.939609541726,571.600347896092,4535.70566975777,51.1911328884211,29.5552143532518,46.8875942960059,70939.2846733235,4.4830789543568,-4.83376253795896
39000,39,299.380270019624,1755.54763572421,372.619861313706,186.564610824295,4707.45843503464,51.1923390951321,29.5559107570211,46.8886990992739,70944.2993771977,4.48276206753717,-4.83389004531676
40000,40,303.445120924977,614.761976575076,-519.184137983926,-1035.20507822847,3398.67514593763,51.2126049312368,29.5676112429515,46.9072612261055,71028.5882462187,4.47744242154543,-4.83333775198752
41000,41,297.018344982715,262.106115096549,-1008.93797922502,-1224.46631099776,3019.72263551242,51.2166942747193,29.569972226512,46.9110067864657,71045.6045738656,4.47637001702833,-4.83358119177432
42000,42,302.796385896528,-233.912297127094,-1690.85937598401,-1489.6101125177,2478.73259712044,51.2275081901551,29.5762156434999,46.9209115971447,71090.6158771605,4.47353578573056,-4.83302439908471
43000,43,305.567339904876,-1129.17729141269,-2692.37140651884,-2277.35423387266,1582.19376615341,51.2414333963457,29.5842553650424,46.9336661384391,71148.6054598749,4.4698896359319,-4.83322263853506
44000,44,304.593026444405,-1884.81826930176,-3383.72856798578,-2997.59663328782,726.870393368314,51.2512203081391,29.589905841201,46.9426302836668,71189.3805563267,4.46732942007372,-4.83363016858944
45000,45,297.206262678076,-1034.72222996089,-2577.38351848091,-2239.73653886879,1712.95336746702,51.2351928011477,29.5806523557251,46.9279501778948,71122.6134719505,4.47152317148085,-4.83388002586159
46000,46,296.651239586377,-126.108331819753,-1309.08349102247,-1644.20869284122,2574.96718840443,51.221915586305,29.5729867521619,46.9157891525811,71067.3351284227,4.47500125875567,-4.8336499182855
47000,47,301.311374750742,532.472625117545,-836.82378392622,-974.619564346273,3408.86122362513,51.2150960819029,29.5690495094597,46.9095429505991,71038.9539475384,4.47678909223469,-4.83291165561548
48000,48,302.425929142372,990.300034937215,-273.171989881727,-551.800462359991,3795.87255705336,51.2046520334453,29.5630196352714,46.8999769129035,70995.5029118863,4.47952899989751,-4.83393338945396
49000,49,302.62746386177,1187.99821719551,-74.2285188716711,-292.45589600146,3930.67906645966,51.2039147333328,29.5625939548531,46.8993015961718,70992.4361453044,4.47972250882022,-4.83343443921459
50000,50,298.306246821548,893.30321562645,-527.557325674465,-391.356159224911,3598.82313177873,51.2042819450185,29.5628059646188,46.899637937088,70993.9635347187,4.47962613047483,-4.83468145831693
51000,51,300.988925449696,29.793661850437,-1416.84963259895,-1320.24377184777,2826.47438999804,51.2200187233089,29.5718915978011,46.9140517551533,71059.440069954,4.47549845373146,-4.83356625857875
52000,52,300.468068099147,-128.991303205175,-1464.85443796796,-1562.70936400939,2640.58989236183,51.2242158090193,29.5743147863658,46.9178960000625,71076.9098214661,4.47439843621416,-4.83326328870349
53000,53,297.783646317484,-328.978706775984,-1565.30742756307,-1837.27703002857,2415.64833726369,51.2248208236398,29.5746640917199,46.918450152285,71079.428341868,4.47423989718239,-4.83397186075417
54000,54,304.101693240531,-399.182440173463,-1588.36941359201,-1812.35845831756,2203.18055138917,51.2300818080751,29.5777015224999,46.9232688560307,71101.3309762163,4.47286161580413,-4.83307529963168
55000,55,301.008969074562,-1424.72933637633,-2688.57477611542,-2739.90376528176,1154.29053226821,51.2439209868426,29.5856915760869,46.93594460206,71158.9680029646,4.46923870709948,-4.83365500722922
56000,56,300.049747227047,-1084.73864580196,-2737.00117238036,-2135.30974472044,1618.09497969493,51.2384646771296,29.5825413742056,46.9309469936516,71136.2399981102,4.47066662736956,-4.83358871304937
57000,57,303.194409909759,-24.0538256206375,-1493.75667164481,-1169.7944235171,2591.3896183,51.2216702796767,29.5728451243154,46.9155644684019,71066.3140886223,4.47506555299199,-4.8336052895728
58000,58,298.894223028103,547.33928766611,-934.72309531662,-681.910722240439,3258.65168055539,51.2123809514489,29.5674819281625,46.907056075861,71027.6563136312,4.4775011687253,-4.83367782348136
59000,59,299.538896414564,406.309062723355,-774.133148104429,-1108.16715909411,3101.22749536861,51.2144254725095,29.5686623329472,46.9089287180279,71036.1634363638,4.47696495378723,-4.83345865852372
60000,60,299.334872589592,150.790695895481,-1167.36204668512,-1327.09539094182,2946.82952531338,51.2161487013033,29.5696572395552,46.9105070783417,71043.3342098309,4.47651307041406,-4.83412922481736
61000,61,295.814932697607,244.686556083071,-1199.14319169955,-1246.52005355945,3179.72291350821,51.2167496763286,29.5700042126479,46.9110575305701,71045.8351263379,4.47635549065711,-4.8334979064759
62000,62,301.999995407348,404.734310476098,-1244.93832442002,-766.63535938291,3225.77661523123,51.2167246239085,29.5699897486265,46.9110345842585,71045.7308712322,4.47636205942499,-4.8330745501472
63000,63,300.985688690471,274.064960764565,-1136.08336411573,-1032.70540597682,2990.98365238624,51.2159558170174,29.569545877761,46.9103304094618,71042.531547497,4.4765636475592,-4.83412175002897
64000,64,297.483464578692,-89.577727636444,-1606.27971334142,-1384.95508506437,2722.50161549645,51.2278529186467,29.5764146725892,46.9212273449856,71092.0510704766,4.47344547480884,-4.83183814666353
65000,65,303.680944651833,-1055.99212939983,-2433.15550045719,-2518.0057598639,1783.18487212159,51.235794092868,29.5809995116635,46.9285009201948,71125.1175675684,4.47136574296668,-4.83421351789199
66000,66,309.483738516995,-1327.50302360481,-2649.83239517555,-2811.9617744621,1479.28509882323,51.2436494036719,29.5855347774707,46.9356958503571,71157.8366214086,4.46930976623341,-4.83343541352684
67000,67,301.690905897897,-1201.17483112733,-2672.63388741497,-2446.38294241292,1515.49233644591,51.2378957230561,29.5822128884185,46.9304258704369,71133.870324995,4.47081555808941,-4.83396734238829
68000,68,303.586304047608,-653.981162295085,-2052.68313017908,-2143.00014036432,2233.73978365814,51.2306315754195,29.5780189308251,46.9237724055088,71103.6200381158,4.47271761951954,-4.83415303985736
69000,69,302.290951184139,184.946819888016,-1208.04672950545,-1176.9416788633,2939.8288680328,51.2204270326801,29.5721273353276,46.9144257387536,71061.1394719087,4.47539142377279,-4.83315227054874
70000,70,297.623616765048,569.072947834139,-918.904744802146,-742.949553649678,3369.07314195424,51.2087289847963,29.565373464233,46.9037111229154,71012.4624016918,4.47845918026533,-4.83457624602976
71000,71,299.499308161191,692.464265360667,-838.04390389563,-687.406434748933,3602.84313472656,51.2094990333965,29.5658180519997,46.9044164350336,71015.6659885016,4.47825715254991,-4.83349853828201
72000,72,304.1193012513,438.567177558841,-1012.22423857255,-1029.76504625683,3357.6908175059,51.212594520121,29.5676052320932,46.9072516902326,71028.5449275904,4.47744515223158,-4.8339753627662
73000,73,299.266570795898,185.39538166237,-1574.91891962564,-1008.7874576323,3139.89252224505,51.2172867100245,29.570314269197,46.9115494168922,71048.0700050296,4.47621468301094,-4.83320139910025
74000,74,307.175023420098,-886.981616545029,-2488.53478371966,-2105.26936157695,1932.85929566152,51.2350706643135,29.580581839993,46.9278383088671,71122.1048369937,4.47155514990725,-4.83369775381071
75000,75,302.698311895494,-1305.80553825961,-2858.0019465445,-2411.44548622961,1352.03081799526,51.2424859392518,29.5848630509746,46.9346301961195,71152.9899097251,4.46961420116845,-4.8334970054402
76000,76,302.842780099353,-898.960507254012,-2470.17436648121,-2166.23462363534,1939.52746835451,51.2344264861834,29.5802099235759,46.9272482855344,71119.4222177707,4.47172381662905,-4.83366816898205
77000,77,303.071954673953,-613.664970491296,-2090.20001468119,-1982.61949388793,2231.82459709523,51.2313753979317,29.5784483769525,46.924453696315,71106.7171641644,4.47252280571291,-4.83327091647109
78000,78,298.491192642725,-134.856115720156,-1499.31943068178,-1502.37407985033,2597.12516337164,51.2249872668346,29.5747601877442,46.9186026029266,71080.121212558,4.47419628344578,-4.83298131870995
79000,79,307.446828703882,167.748321778615,-1209.50182892187,-1291.88610616745,3004.63290042516,51.2199077125815,29.5718275057289,46.9139500768818,71058.9780430064,4.47552755351514,-4.8333654691606
80000,80,295.656490316324,892.98985050649,-336.513319491985,-790.332710402896,3805.81558141435,51.2050750397443,29.5632638580735,46.9003643578899,70997.2624273946,4.47941798433894,-4.83355773894297
81000,81,309.622553504756,1425.75548164973,221.126048906786,-259.128136660945,4315.26853270334,51.2005280649197,29.5606386609345,46.8961996383609,70978.3505852167,4.48061150384553,-4.83321668476659
82000,82,299.743985440307,1396.18149344404,-81.8005587471926,78.9081635859323,4191.43687549338,51.1975924800764,29.5589438002352,46.8935108424041,70966.1426433205,4.48138228048437,-4.83427181210101
83000,83,299.921901710526,471.256088293678,-1128.05902595571,-608.641237251115,3150.46852808786,51.2118433419567,29.5671715391782,46.9065636621508,71025.4194673485,4.47764218136444,-4.83386922181246
84000,84,301.212388099079,-216.578213728973,-1605.39011008984,-1523.21249304943,2478.86796195235,51.2225339755117,29.5733437793387,46.916355555016,71069.9090932873,4.47483918600004,-4.83442575545517
85000,85,304.851305426893,-401.992555810148,-1788.87234736866,-1846.64079228059,2429.5354722188,51.2270847104199,29.5759711473629,46.9205237185254,71088.8528486282,4.47364673099011,-4.83363149337826
86000,86,302.827119207859,-459.847000972607,-1809.57464821099,-1993.58106425436,2423.61470954753,51.2271385732015,29.5760022450546,46.9205730531683,71089.0770882515,4.47363261955557,-4.83397539244551
87000,87,306.523880550357,-658.043448089647,-1718.36388629633,-2268.77131247873,2013.00485450612,51.232397196452,29.5790383126035,46.9253895942289,71110.9718725513,4.47225520593483,-4.83335060692401
88000,88,293.301989518779,208.399380302701,-954.144915335252,-1397.39337974391,2976.73643598726,51.2186884915995,29.5711235881668,46.912833353428,71053.903773728,4.47584717046458,-4.83302238283063
89000,89,301.585089559159,804.433477283857,-422.966996097383,-666.46982687865,3502.7372548276,51.2112582344046,29.5668337271751,46.9060277434481,71022.9850479746,4.47779565926836,-4.83250066910018
90000,90,300.728747888122,816.991152905204,-556.482342344068,-525.57070279621,3533.02650385589,51.2096323017067,29.5658949944945,46.9045384997378,71016.2204264066,4.47822218989633,-4.8332472253264
91000,91,300.385834521429,590.569891071097,-715.490615436536,-766.47142670144,3253.67171535127,51.2131106270939,29.5679032065931,46.9077244091008,71030.6923698623,4.47730978743829,-4.83362248875628
92000,92,306.881155178152,249.847795419873,-1206.55561593612,-873.180748288857,2829.2797504846,51.2202924169707,29.5720496149117,46.9143024399251,71060.5791922852,4.4754267101531,-4.83287507182607
93000,93,299.620483909357,-115.523181845027,-1639.52159416341,-1400.19582574273,2693.14787437106,51.2214721206879,29.5727307171704,46.915382968254,71065.4892985882,4.47511749085249,-4.83384079598205
94000,94,303.328558561647,-164.524192823779,-1528.0320735661,-1626.47630507825,2660.93580017301,51.2262268455674,29.5754758588593,46.9197379726961,71085.2814796532,4.47387148979823,-4.83268595345305
95000,95,293.617962952032,-241.234102859391,-1653.8328466372,-1737.22654741459,2667.35708547361,51.2249454901135,29.5747360679431,46.9185643382935,71079.9473037618,4.47420723030378,-4.83291218878713
96000,96,305.904175621518,-601.626555089462,-2043.95634264267,-1892.62343217331,2131.7001095476,51.2329511360488,29.579358129779,46.9258969652062,71113.2785150967,4.47211014309499,-4.83291705622535
97000,97,300.530106553009,-407.522144688328,-1960.14449063596,-1706.05172577807,2443.62978234904,51.2283434661037,29.5766978902958,46.9216766530768,71094.09337892,4.47331696686915,-4.83305440979231
98000,98,299.39356994744,441.591917478417,-1034.78325996521,-1081.26554394748,3440.82455634794,51.2152938445959,29.5691636878054,46.90972408777,71039.7768831729,4.47673723242553,-4.83346443417691
99000,99,300.516003007021,928.475382459468,-471.640494562647,-494.961366505375,3752.02800844643,51.2060626243477,29.5638340403102,46.9012689181843,71001.3704472856,4.47915881274741,-4.83352944999983
100000,100,302.554025780221,558.767532601617,-844.027994690341,-680.984136548195,3201.31472904339,51.2118828062434,29.5671943238945,46.906599808752,71025.5836658708,4.47763182985177,-4.83378415289755
