case,label,frame,strain,anomaly_score_mean,anomaly_fraction
4k_1e9,"Ti 4k, 1e9 s^-1",0,0.0,-0.0904691012285587,0.015
4k_1e9,"Ti 4k, 1e9 s^-1",1,0.009999999776482582,-0.11149130647584503,0.004
4k_1e9,"Ti 4k, 1e9 s^-1",2,0.019999999552965164,-0.12184534213787611,0.002
4k_1e9,"Ti 4k, 1e9 s^-1",3,0.029999997466802597,-0.12891188226941128,0.003
4k_1e9,"Ti 4k, 1e9 s^-1",4,0.03999999910593033,-0.13105896163615147,0.002
4k_1e9,"Ti 4k, 1e9 s^-1",5,0.05000000819563866,-0.1286913406688289,0.001
4k_1e9,"Ti 4k, 1e9 s^-1",6,0.059999994933605194,-0.12735912313674805,0.002
4k_1e9,"Ti 4k, 1e9 s^-1",7,0.07000000029802322,-0.1185617075042746,0.005
4k_1e9,"Ti 4k, 1e9 s^-1",8,0.07999999821186066,-0.10917594580589746,0.011
4k_1e9,"Ti 4k, 1e9 s^-1",9,0.09000001847743988,-0.08720551005875302,0.04
4k_1e9,"Ti 4k, 1e9 s^-1",10,0.10000001639127731,-0.061299992617516785,0.115
4k_1e9,"Ti 4k, 1e9 s^-1",11,0.10500001162290573,-0.040801454295017324,0.229
4k_1e9,"Ti 4k, 1e9 s^-1",12,0.11000000685453415,-0.023706881776973988,0.313
4k_1e9,"Ti 4k, 1e9 s^-1",13,0.11500000208616257,-0.0025582111466594705,0.468
4k_1e9,"Ti 4k, 1e9 s^-1",14,0.11999998986721039,0.012083576580484937,0.61
4k_1e9,"Ti 4k, 1e9 s^-1",15,0.12199998646974564,0.01841203941256963,0.681
4k_1e9,"Ti 4k, 1e9 s^-1",16,0.12399998307228088,0.023508655757915393,0.719
4k_1e9,"Ti 4k, 1e9 s^-1",17,0.12600001692771912,0.030454782311902993,0.781
4k_1e9,"Ti 4k, 1e9 s^-1",18,0.12800002098083496,0.03808120176239123,0.835
4k_1e9,"Ti 4k, 1e9 s^-1",19,0.12999999523162842,0.041808796430255965,0.871
4k_1e9,"Ti 4k, 1e9 s^-1",20,0.13199998438358307,0.04482988021237237,0.888
4k_1e9,"Ti 4k, 1e9 s^-1",21,0.1340000331401825,0.05256966101609219,0.931
4k_1e9,"Ti 4k, 1e9 s^-1",22,0.13600002229213715,0.05450796853673718,0.941
4k_1e9,"Ti 4k, 1e9 s^-1",23,0.1379999965429306,0.05741904962641662,0.956
4k_1e9,"Ti 4k, 1e9 s^-1",24,0.14000000059604645,0.0622383582235637,0.976
4k_1e9,"Ti 4k, 1e9 s^-1",25,0.1419999897480011,0.06525332477298508,0.981
4k_1e9,"Ti 4k, 1e9 s^-1",26,0.14400002360343933,0.06755147429789438,0.986
4k_1e9,"Ti 4k, 1e9 s^-1",27,0.1459999978542328,0.07059390724624592,0.992
4k_1e9,"Ti 4k, 1e9 s^-1",28,0.14800000190734863,0.07440255105919676,0.996
4k_1e9,"Ti 4k, 1e9 s^-1",29,0.15000000596046448,0.07801829668935374,0.994
4k_1e9,"Ti 4k, 1e9 s^-1",30,0.15199996531009674,0.07890509308712527,1.0
4k_1e9,"Ti 4k, 1e9 s^-1",31,0.15399999916553497,0.08340401407601769,0.997
4k_1e9,"Ti 4k, 1e9 s^-1",32,0.15599998831748962,0.08458231029342124,0.997
4k_1e9,"Ti 4k, 1e9 s^-1",33,0.15800000727176666,0.08120461879805081,0.872
4k_1e9,"Ti 4k, 1e9 s^-1",34,0.1599999964237213,0.020151191204756794,0.581
4k_1e9,"Ti 4k, 1e9 s^-1",35,0.16199997067451477,0.007050680931119059,0.531
4k_1e9,"Ti 4k, 1e9 s^-1",36,0.1640000194311142,-0.002166951603582424,0.487
4k_1e9,"Ti 4k, 1e9 s^-1",37,0.16599996387958527,-0.007904166587181644,0.466
4k_1e9,"Ti 4k, 1e9 s^-1",38,0.1679999977350235,-0.012611938993091758,0.45
4k_1e9,"Ti 4k, 1e9 s^-1",39,0.17000000178813934,-0.019401971842576603,0.418
4k_1e9,"Ti 4k, 1e9 s^-1",40,0.1720000058412552,-0.018018231588817386,0.424
4k_1e9,"Ti 4k, 1e9 s^-1",41,0.17399999499320984,-0.024882219913474717,0.399
4k_1e9,"Ti 4k, 1e9 s^-1",42,0.17600002884864807,-0.030843260841323657,0.39
4k_1e9,"Ti 4k, 1e9 s^-1",43,0.17799998819828033,-0.0292283999835426,0.394
4k_1e9,"Ti 4k, 1e9 s^-1",44,0.18000003695487976,-0.026233872263323455,0.391
4k_1e9,"Ti 4k, 1e9 s^-1",45,0.1900000274181366,-0.03205843649670008,0.379
4k_1e9,"Ti 4k, 1e9 s^-1",46,0.20000003278255463,-0.02712863591272019,0.399
4k_1e9,"Ti 4k, 1e9 s^-1",47,0.21000002324581146,-0.015274654725680728,0.438
4k_1e9,"Ti 4k, 1e9 s^-1",48,0.2200000137090683,-0.012987455524712654,0.45
4k_1e9,"Ti 4k, 1e9 s^-1",49,0.23000000417232513,-0.03677929329499031,0.352
4k_1e9,"Ti 4k, 1e9 s^-1",50,0.23999997973442078,-0.059656325104197605,0.249
4k_1e9,"Ti 4k, 1e9 s^-1",51,0.25,-0.06579937602699401,0.233
32k_1e9,"Ti 32k, 1e9 s^-1",0,0.0,-0.09191277518238081,0.012
32k_1e9,"Ti 32k, 1e9 s^-1",1,0.009999999776482582,-0.1106630351484904,0.002
32k_1e9,"Ti 32k, 1e9 s^-1",2,0.019999999552965164,-0.12040481923505998,0.0
32k_1e9,"Ti 32k, 1e9 s^-1",3,0.029999997466802597,-0.12817244360608754,0.001
32k_1e9,"Ti 32k, 1e9 s^-1",4,0.03999999910593033,-0.13225167917620426,0.001
32k_1e9,"Ti 32k, 1e9 s^-1",5,0.05000000819563866,-0.1308500170398188,0.0
32k_1e9,"Ti 32k, 1e9 s^-1",6,0.059999994933605194,-0.12815153386042272,0.002
32k_1e9,"Ti 32k, 1e9 s^-1",7,0.07000000029802322,-0.12105483586013947,0.007
32k_1e9,"Ti 32k, 1e9 s^-1",8,0.07999999821186066,-0.1071620139317966,0.011
32k_1e9,"Ti 32k, 1e9 s^-1",9,0.09000001847743988,-0.08872868418283804,0.044
32k_1e9,"Ti 32k, 1e9 s^-1",10,0.10000001639127731,-0.05882899900295164,0.14
32k_1e9,"Ti 32k, 1e9 s^-1",11,0.10500001162290573,-0.0418980357214782,0.201
32k_1e9,"Ti 32k, 1e9 s^-1",12,0.11000000685453415,-0.022037379320746946,0.345
32k_1e9,"Ti 32k, 1e9 s^-1",13,0.11500000208616257,-0.004249537070828307,0.472
32k_1e9,"Ti 32k, 1e9 s^-1",14,0.11999998986721039,0.015806428495970224,0.646
32k_1e9,"Ti 32k, 1e9 s^-1",15,0.12199998646974564,0.019132962794381647,0.688
32k_1e9,"Ti 32k, 1e9 s^-1",16,0.12399998307228088,0.023718323565516904,0.721
32k_1e9,"Ti 32k, 1e9 s^-1",17,0.12600001692771912,0.03156681389594814,0.782
32k_1e9,"Ti 32k, 1e9 s^-1",18,0.12800002098083496,0.037587795219293556,0.849
32k_1e9,"Ti 32k, 1e9 s^-1",19,0.12999999523162842,0.041108504616348227,0.857
32k_1e9,"Ti 32k, 1e9 s^-1",20,0.13199998438358307,0.04704217764981951,0.905
32k_1e9,"Ti 32k, 1e9 s^-1",21,0.1340000331401825,0.05258068633917437,0.915
32k_1e9,"Ti 32k, 1e9 s^-1",22,0.13600002229213715,0.05517923140557727,0.947
32k_1e9,"Ti 32k, 1e9 s^-1",23,0.1379999965429306,0.06015023765627055,0.95
32k_1e9,"Ti 32k, 1e9 s^-1",24,0.14000000059604645,0.06231265347536407,0.97
32k_1e9,"Ti 32k, 1e9 s^-1",25,0.1419999897480011,0.06528529051489128,0.982
32k_1e9,"Ti 32k, 1e9 s^-1",26,0.14400002360343933,0.06938960281706966,0.987
32k_1e9,"Ti 32k, 1e9 s^-1",27,0.1459999978542328,0.07180971412276657,0.998
32k_1e9,"Ti 32k, 1e9 s^-1",28,0.14800000190734863,0.07417386838904005,0.994
32k_1e9,"Ti 32k, 1e9 s^-1",29,0.15000000596046448,0.07738405606264863,0.994
32k_1e9,"Ti 32k, 1e9 s^-1",30,0.15199996531009674,0.07909905627695242,0.999
32k_1e9,"Ti 32k, 1e9 s^-1",31,0.15399999916553497,0.08001051295392914,0.996
32k_1e9,"Ti 32k, 1e9 s^-1",32,0.15599998831748962,0.08328908169194611,0.978
32k_1e9,"Ti 32k, 1e9 s^-1",33,0.15800000727176666,0.025188574016967686,0.589
32k_1e9,"Ti 32k, 1e9 s^-1",34,0.1599999964237213,0.008442016359804266,0.548
32k_1e9,"Ti 32k, 1e9 s^-1",35,0.16199997067451477,0.005691675722929308,0.537
32k_1e9,"Ti 32k, 1e9 s^-1",36,0.1640000194311142,0.00393700609421123,0.519
32k_1e9,"Ti 32k, 1e9 s^-1",37,0.16599996387958527,-0.00012345025121037124,0.508
32k_1e9,"Ti 32k, 1e9 s^-1",38,0.1679999977350235,-0.0014520577273603639,0.496
32k_1e9,"Ti 32k, 1e9 s^-1",39,0.17000000178813934,-0.004439129911238849,0.479
32k_1e9,"Ti 32k, 1e9 s^-1",40,0.1720000058412552,-0.004805265680569976,0.486
32k_1e9,"Ti 32k, 1e9 s^-1",41,0.17399999499320984,-0.008180309945496112,0.473
32k_1e9,"Ti 32k, 1e9 s^-1",42,0.17600002884864807,-0.008090737494291478,0.469
32k_1e9,"Ti 32k, 1e9 s^-1",43,0.17799998819828033,-0.012025758717314813,0.451
32k_1e9,"Ti 32k, 1e9 s^-1",44,0.18000003695487976,-0.015023664114885779,0.436
32k_1e9,"Ti 32k, 1e9 s^-1",45,0.1900000274181366,-0.016280649730921908,0.43
32k_1e9,"Ti 32k, 1e9 s^-1",46,0.20000003278255463,-0.02331310699381071,0.416
32k_1e9,"Ti 32k, 1e9 s^-1",47,0.21000002324581146,-0.024483417241411076,0.412
32k_1e9,"Ti 32k, 1e9 s^-1",48,0.2200000137090683,-0.030483422141097425,0.389
32k_1e9,"Ti 32k, 1e9 s^-1",49,0.23000000417232513,-0.03261783787625337,0.368
32k_1e9,"Ti 32k, 1e9 s^-1",50,0.23999997973442078,-0.03766444477181413,0.352
32k_1e9,"Ti 32k, 1e9 s^-1",51,0.25,-0.03746729769444579,0.351
108k_1e9,"Ti 108k, 1e9 s^-1",0,0.0,-0.08935614193950639,0.012
108k_1e9,"Ti 108k, 1e9 s^-1",1,0.009999999776482582,-0.10800312374181903,0.003
108k_1e9,"Ti 108k, 1e9 s^-1",2,0.019999999552965164,-0.12055182749073326,0.003
108k_1e9,"Ti 108k, 1e9 s^-1",3,0.029999997466802597,-0.1254345889667152,0.005
108k_1e9,"Ti 108k, 1e9 s^-1",4,0.03999999910593033,-0.13281042628556444,0.003
108k_1e9,"Ti 108k, 1e9 s^-1",5,0.05000000819563866,-0.13079248559669818,0.003
108k_1e9,"Ti 108k, 1e9 s^-1",6,0.059999994933605194,-0.12647815528881842,0.003
108k_1e9,"Ti 108k, 1e9 s^-1",7,0.07000000029802322,-0.1215132318405673,0.004
108k_1e9,"Ti 108k, 1e9 s^-1",8,0.07999999821186066,-0.10931852215352919,0.009
108k_1e9,"Ti 108k, 1e9 s^-1",9,0.09000001847743988,-0.08943055393562747,0.043
108k_1e9,"Ti 108k, 1e9 s^-1",10,0.10000001639127731,-0.06265475996008048,0.111
108k_1e9,"Ti 108k, 1e9 s^-1",11,0.10500001162290573,-0.04097552426479458,0.232
108k_1e9,"Ti 108k, 1e9 s^-1",12,0.11000000685453415,-0.023978975180410714,0.319
108k_1e9,"Ti 108k, 1e9 s^-1",13,0.11500000208616257,-0.004914378577757276,0.477
108k_1e9,"Ti 108k, 1e9 s^-1",14,0.11999998986721039,0.013494526687819851,0.624
108k_1e9,"Ti 108k, 1e9 s^-1",15,0.12199998646974564,0.0173930807611779,0.654
108k_1e9,"Ti 108k, 1e9 s^-1",16,0.12399998307228088,0.02733521080382322,0.756
108k_1e9,"Ti 108k, 1e9 s^-1",17,0.12600001692771912,0.03196792920990891,0.795
108k_1e9,"Ti 108k, 1e9 s^-1",18,0.12800002098083496,0.03619219380570813,0.825
108k_1e9,"Ti 108k, 1e9 s^-1",19,0.12999999523162842,0.04195717405475045,0.874
108k_1e9,"Ti 108k, 1e9 s^-1",20,0.13199998438358307,0.04701951501692672,0.892
108k_1e9,"Ti 108k, 1e9 s^-1",21,0.1340000331401825,0.04977427621232379,0.917
108k_1e9,"Ti 108k, 1e9 s^-1",22,0.13600002229213715,0.05584653589215193,0.946
108k_1e9,"Ti 108k, 1e9 s^-1",23,0.1379999965429306,0.058885622182448825,0.97
108k_1e9,"Ti 108k, 1e9 s^-1",24,0.14000000059604645,0.06109406036454194,0.963
108k_1e9,"Ti 108k, 1e9 s^-1",25,0.1419999897480011,0.06570898035566296,0.981
108k_1e9,"Ti 108k, 1e9 s^-1",26,0.14400002360343933,0.06894088813653407,0.988
108k_1e9,"Ti 108k, 1e9 s^-1",27,0.1459999978542328,0.07064896027808035,0.99
108k_1e9,"Ti 108k, 1e9 s^-1",28,0.14800000190734863,0.07371704873873884,0.991
108k_1e9,"Ti 108k, 1e9 s^-1",29,0.15000000596046448,0.07652020583154286,0.998
108k_1e9,"Ti 108k, 1e9 s^-1",30,0.15199996531009674,0.07925569995644782,0.997
108k_1e9,"Ti 108k, 1e9 s^-1",31,0.15399999916553497,0.08125539141490233,0.996
108k_1e9,"Ti 108k, 1e9 s^-1",32,0.15599998831748962,0.08485533543429538,0.986
108k_1e9,"Ti 108k, 1e9 s^-1",33,0.15800000727176666,0.022687092748017605,0.59
108k_1e9,"Ti 108k, 1e9 s^-1",34,0.1599999964237213,0.0006059508873689236,0.519
108k_1e9,"Ti 108k, 1e9 s^-1",35,0.16199997067451477,-0.0009204531752050589,0.49
108k_1e9,"Ti 108k, 1e9 s^-1",36,0.1640000194311142,-0.0031859775188738835,0.487
108k_1e9,"Ti 108k, 1e9 s^-1",37,0.16599996387958527,-0.004413688797453669,0.474
108k_1e9,"Ti 108k, 1e9 s^-1",38,0.1679999977350235,-0.00503056494000361,0.47
108k_1e9,"Ti 108k, 1e9 s^-1",39,0.17000000178813934,-0.005423674979232766,0.466
108k_1e9,"Ti 108k, 1e9 s^-1",40,0.1720000058412552,-0.009167896626540792,0.465
108k_1e9,"Ti 108k, 1e9 s^-1",41,0.17399999499320984,-0.009648240320167839,0.449
108k_1e9,"Ti 108k, 1e9 s^-1",42,0.17600002884864807,-0.009760876054443512,0.449
108k_1e9,"Ti 108k, 1e9 s^-1",43,0.17799998819828033,-0.010915224561445088,0.445
108k_1e9,"Ti 108k, 1e9 s^-1",44,0.18000003695487976,-0.014012736361335222,0.438
108k_1e9,"Ti 108k, 1e9 s^-1",45,0.1900000274181366,-0.02113117745753772,0.427
108k_1e9,"Ti 108k, 1e9 s^-1",46,0.20000003278255463,-0.02452591754981249,0.41
108k_1e9,"Ti 108k, 1e9 s^-1",47,0.21000002324581146,-0.02770390032267609,0.383
108k_1e9,"Ti 108k, 1e9 s^-1",48,0.2200000137090683,-0.031995114320287066,0.379
108k_1e9,"Ti 108k, 1e9 s^-1",49,0.23000000417232513,-0.03688437649132273,0.363
108k_1e9,"Ti 108k, 1e9 s^-1",50,0.23999997973442078,-0.03783843530362546,0.358
108k_1e9,"Ti 108k, 1e9 s^-1",51,0.25,-0.038083747054066495,0.35
108k_1e10,"Ti 108k, 1e10 s^-1",0,0.0,-0.09180225084553038,0.006
108k_1e10,"Ti 108k, 1e10 s^-1",1,0.009999999776482582,-0.1094887808057008,0.008
108k_1e10,"Ti 108k, 1e10 s^-1",2,0.019999999552965164,-0.12112511484684728,0.0
108k_1e10,"Ti 108k, 1e10 s^-1",3,0.029999997466802597,-0.12966920931943246,0.002
108k_1e10,"Ti 108k, 1e10 s^-1",4,0.03999999910593033,-0.1325266284229172,0.001
108k_1e10,"Ti 108k, 1e10 s^-1",5,0.05000000819563866,-0.13075055579249384,0.001
108k_1e10,"Ti 108k, 1e10 s^-1",6,0.059999994933605194,-0.12767813853192117,0.002
108k_1e10,"Ti 108k, 1e10 s^-1",7,0.07000000029802322,-0.11978273100573893,0.007
108k_1e10,"Ti 108k, 1e10 s^-1",8,0.07999999821186066,-0.10804779260181581,0.014
108k_1e10,"Ti 108k, 1e10 s^-1",9,0.09000001847743988,-0.08966624108772052,0.041
108k_1e10,"Ti 108k, 1e10 s^-1",10,0.10000001639127731,-0.06327128969867146,0.106
108k_1e10,"Ti 108k, 1e10 s^-1",11,0.10500001162290573,-0.04274045885893231,0.199
108k_1e10,"Ti 108k, 1e10 s^-1",12,0.11000000685453415,-0.02511020983846089,0.316
108k_1e10,"Ti 108k, 1e10 s^-1",13,0.11500000208616257,-0.0054989317471712575,0.469
108k_1e10,"Ti 108k, 1e10 s^-1",14,0.11999998986721039,0.011486143868363247,0.636
108k_1e10,"Ti 108k, 1e10 s^-1",15,0.12199998646974564,0.019727423154545887,0.689
108k_1e10,"Ti 108k, 1e10 s^-1",16,0.12399998307228088,0.026429101517409365,0.754
108k_1e10,"Ti 108k, 1e10 s^-1",17,0.12600001692771912,0.027751839997585223,0.764
108k_1e10,"Ti 108k, 1e10 s^-1",18,0.12800002098083496,0.037947149874137956,0.835
108k_1e10,"Ti 108k, 1e10 s^-1",19,0.12999999523162842,0.04165721888803979,0.884
108k_1e10,"Ti 108k, 1e10 s^-1",20,0.13199998438358307,0.047224278701380996,0.912
108k_1e10,"Ti 108k, 1e10 s^-1",21,0.1340000331401825,0.050641530986173244,0.932
108k_1e10,"Ti 108k, 1e10 s^-1",22,0.13600002229213715,0.0530278369683566,0.929
108k_1e10,"Ti 108k, 1e10 s^-1",23,0.1379999965429306,0.059282604282258435,0.961
108k_1e10,"Ti 108k, 1e10 s^-1",24,0.14000000059604645,0.06180215021348625,0.975
108k_1e10,"Ti 108k, 1e10 s^-1",25,0.1419999897480011,0.06587803541551412,0.984
108k_1e10,"Ti 108k, 1e10 s^-1",26,0.14400002360343933,0.06827499850640717,0.986
108k_1e10,"Ti 108k, 1e10 s^-1",27,0.1459999978542328,0.0715548439715563,0.993
108k_1e10,"Ti 108k, 1e10 s^-1",28,0.14800000190734863,0.07382647176839223,0.996
108k_1e10,"Ti 108k, 1e10 s^-1",29,0.15000000596046448,0.07582223043119071,0.997
108k_1e10,"Ti 108k, 1e10 s^-1",30,0.15199996531009674,0.07792195207787636,0.998
108k_1e10,"Ti 108k, 1e10 s^-1",31,0.15399999916553497,0.08035662475842491,0.999
108k_1e10,"Ti 108k, 1e10 s^-1",32,0.15599998831748962,0.08337317036282808,0.999
108k_1e10,"Ti 108k, 1e10 s^-1",33,0.15800000727176666,0.08372863972659252,1.0
108k_1e10,"Ti 108k, 1e10 s^-1",34,0.1599999964237213,0.08698264583394454,1.0
108k_1e10,"Ti 108k, 1e10 s^-1",35,0.16199997067451477,0.09061480161650931,1.0
108k_1e10,"Ti 108k, 1e10 s^-1",36,0.1640000194311142,0.09357609592331148,0.999
108k_1e10,"Ti 108k, 1e10 s^-1",37,0.16599996387958527,0.09789432393752602,0.997
108k_1e10,"Ti 108k, 1e10 s^-1",38,0.1679999977350235,0.10367930077794264,0.992
108k_1e10,"Ti 108k, 1e10 s^-1",39,0.17000000178813934,0.10789477637743175,0.994
108k_1e10,"Ti 108k, 1e10 s^-1",40,0.1720000058412552,0.11144906998621655,0.987
108k_1e10,"Ti 108k, 1e10 s^-1",41,0.17399999499320984,0.1105250233565755,0.964
108k_1e10,"Ti 108k, 1e10 s^-1",42,0.17600002884864807,0.10532416023713094,0.937
108k_1e10,"Ti 108k, 1e10 s^-1",43,0.17799998819828033,0.0955343229917703,0.865
108k_1e10,"Ti 108k, 1e10 s^-1",44,0.18000003695487976,0.0888024487336337,0.826
108k_1e10,"Ti 108k, 1e10 s^-1",45,0.1900000274181366,0.07305437496984607,0.795
108k_1e10,"Ti 108k, 1e10 s^-1",46,0.20000003278255463,0.07070533849215468,0.8
108k_1e10,"Ti 108k, 1e10 s^-1",47,0.21000002324581146,0.06885070380765299,0.802
108k_1e10,"Ti 108k, 1e10 s^-1",48,0.2200000137090683,0.06617801784276472,0.795
108k_1e10,"Ti 108k, 1e10 s^-1",49,0.23000000417232513,0.06763903179072119,0.794
108k_1e10,"Ti 108k, 1e10 s^-1",50,0.23999997973442078,0.06973874235887823,0.802
108k_1e10,"Ti 108k, 1e10 s^-1",51,0.25,0.07148016119077684,0.811
