case,label,frame,strain,mds1,mds2
4k_1e9,"Ti 4k, 1e9 s^-1",0,0.0,0.02104531979456984,-0.035483040038493355
4k_1e9,"Ti 4k, 1e9 s^-1",1,0.01,0.016224290850780775,-0.03463344904234711
4k_1e9,"Ti 4k, 1e9 s^-1",2,0.0200000000000001,0.012607127324897173,-0.032803588849289106
4k_1e9,"Ti 4k, 1e9 s^-1",3,0.03,0.009913457298462006,-0.030199180445786213
4k_1e9,"Ti 4k, 1e9 s^-1",4,0.04,0.005676451542759725,-0.028113740720589524
4k_1e9,"Ti 4k, 1e9 s^-1",5,0.0500000000000001,0.0027470000444408064,-0.024410684869175477
4k_1e9,"Ti 4k, 1e9 s^-1",6,0.06,-3.3174186371304326e-05,-0.021160647132107125
4k_1e9,"Ti 4k, 1e9 s^-1",7,0.0700000000000001,-0.002031651854078663,-0.01650942617297955
4k_1e9,"Ti 4k, 1e9 s^-1",8,0.0800000000000001,-0.004465991814031596,-0.012083780434806813
4k_1e9,"Ti 4k, 1e9 s^-1",9,0.09,-0.0073225070859943495,-0.00749973668644055
4k_1e9,"Ti 4k, 1e9 s^-1",10,0.1000000000000001,-0.008992327732301542,-0.001823146083815761
4k_1e9,"Ti 4k, 1e9 s^-1",11,0.105,-0.009689756030606896,0.0018171013762617611
4k_1e9,"Ti 4k, 1e9 s^-1",12,0.11,-0.0111671400658998,0.0038394196540909096
4k_1e9,"Ti 4k, 1e9 s^-1",13,0.1150000000000001,-0.011947326581451978,0.007296589832464684
4k_1e9,"Ti 4k, 1e9 s^-1",14,0.12,-0.012370074892843416,0.010624852345323
4k_1e9,"Ti 4k, 1e9 s^-1",15,0.122,-0.012266960484108557,0.012092956392126101
4k_1e9,"Ti 4k, 1e9 s^-1",16,0.124,-0.01301024206680227,0.012886157412011563
4k_1e9,"Ti 4k, 1e9 s^-1",17,0.1260000000000001,-0.012885577858196313,0.014412539664517299
4k_1e9,"Ti 4k, 1e9 s^-1",18,0.128,-0.014391726812401681,0.015345929997467336
4k_1e9,"Ti 4k, 1e9 s^-1",19,0.1300000000000001,-0.0127897666962648,0.01770224260342833
4k_1e9,"Ti 4k, 1e9 s^-1",20,0.132,-0.014080780046827482,0.018474289109777366
4k_1e9,"Ti 4k, 1e9 s^-1",21,0.1340000000000001,-0.014423303289476592,0.01983755123796443
4k_1e9,"Ti 4k, 1e9 s^-1",22,0.136,-0.014158782526186674,0.021441306763591565
4k_1e9,"Ti 4k, 1e9 s^-1",23,0.1380000000000001,-0.014743647753786074,0.02285099597810028
4k_1e9,"Ti 4k, 1e9 s^-1",24,0.14,-0.014991657474243298,0.02446468973963343
4k_1e9,"Ti 4k, 1e9 s^-1",25,0.1420000000000001,-0.014920088115449478,0.025363999035374386
4k_1e9,"Ti 4k, 1e9 s^-1",26,0.144,-0.015118334694352678,0.027218381437554836
4k_1e9,"Ti 4k, 1e9 s^-1",27,0.1460000000000001,-0.01587213029943111,0.028256629302179505
4k_1e9,"Ti 4k, 1e9 s^-1",28,0.1480000000000002,-0.01517235530902716,0.030770555434953852
4k_1e9,"Ti 4k, 1e9 s^-1",29,0.1500000000000001,-0.015936108632441322,0.0319920875360229
4k_1e9,"Ti 4k, 1e9 s^-1",30,0.152,-0.016842821533160766,0.0326163797826265
4k_1e9,"Ti 4k, 1e9 s^-1",31,0.1540000000000001,-0.01403636611989623,0.036869022931647795
4k_1e9,"Ti 4k, 1e9 s^-1",32,0.1560000000000001,-0.01568480421946792,0.037060586032962105
4k_1e9,"Ti 4k, 1e9 s^-1",33,0.158,-0.003529576091865133,0.026854358789333278
4k_1e9,"Ti 4k, 1e9 s^-1",34,0.16,0.019412799401895043,-0.015370998089667449
4k_1e9,"Ti 4k, 1e9 s^-1",35,0.1620000000000001,0.022261062149245187,-0.02179680033469732
4k_1e9,"Ti 4k, 1e9 s^-1",36,0.1640000000000001,0.021760597072422377,-0.02392745589679265
4k_1e9,"Ti 4k, 1e9 s^-1",37,0.166,0.02168022233426922,-0.02452700295966957
4k_1e9,"Ti 4k, 1e9 s^-1",38,0.1680000000000001,0.020698925180794837,-0.024521303591963223
4k_1e9,"Ti 4k, 1e9 s^-1",39,0.17,0.019409287482716638,-0.025831726833729897
4k_1e9,"Ti 4k, 1e9 s^-1",40,0.1720000000000001,0.019876081879065737,-0.025397210427855327
4k_1e9,"Ti 4k, 1e9 s^-1",41,0.174,0.019543846523270524,-0.024799004740326897
4k_1e9,"Ti 4k, 1e9 s^-1",42,0.176,0.018081483389503147,-0.025724755564754287
4k_1e9,"Ti 4k, 1e9 s^-1",43,0.1780000000000002,0.016816349803154294,-0.025992123319723736
4k_1e9,"Ti 4k, 1e9 s^-1",44,0.1800000000000001,0.01719399057700934,-0.024896702387846078
4k_1e9,"Ti 4k, 1e9 s^-1",45,0.19,0.013545060565685456,-0.023413435473591676
4k_1e9,"Ti 4k, 1e9 s^-1",46,0.2000000000000001,0.012462402202261223,-0.01900557840426981
4k_1e9,"Ti 4k, 1e9 s^-1",47,0.2100000000000001,0.01731596825601435,-0.022866950487049183
4k_1e9,"Ti 4k, 1e9 s^-1",48,0.22,0.018321277325635207,-0.022242852459074973
4k_1e9,"Ti 4k, 1e9 s^-1",49,0.2300000000000001,0.014920387751238669,-0.021732200160850004
4k_1e9,"Ti 4k, 1e9 s^-1",50,0.2400000000000001,0.010031639853011361,-0.02213215534427063
4k_1e9,"Ti 4k, 1e9 s^-1",51,0.25,0.008531591261384785,-0.019407775180500502
32k_1e9,"Ti 32k, 1e9 s^-1",0,0.0,0.02002543033815791,-0.03605387680617822
32k_1e9,"Ti 32k, 1e9 s^-1",1,0.01,0.016579518842419858,-0.03445021932212722
32k_1e9,"Ti 32k, 1e9 s^-1",2,0.02,0.01221042508589346,-0.03335524664796314
32k_1e9,"Ti 32k, 1e9 s^-1",3,0.0300000000000001,0.009157104219213381,-0.03054138943548724
32k_1e9,"Ti 32k, 1e9 s^-1",4,0.0399999999999998,0.006210541856652005,-0.02775032003406007
32k_1e9,"Ti 32k, 1e9 s^-1",5,0.0499999999999999,0.0032403303749430823,-0.024460145244939373
32k_1e9,"Ti 32k, 1e9 s^-1",6,0.0599999999999999,-0.00018329073326089587,-0.02116833631132468
32k_1e9,"Ti 32k, 1e9 s^-1",7,0.07,-0.002186153552038865,-0.016878977158639043
32k_1e9,"Ti 32k, 1e9 s^-1",8,0.08,-0.0045616270472087625,-0.01189518622141801
32k_1e9,"Ti 32k, 1e9 s^-1",9,0.0900000000000001,-0.007284447919107459,-0.0069777700896981164
32k_1e9,"Ti 32k, 1e9 s^-1",10,0.0999999999999998,-0.008776077980973782,-0.0013267879343891661
32k_1e9,"Ti 32k, 1e9 s^-1",11,0.1049999999999998,-0.00975175456597285,0.0017442486168865582
32k_1e9,"Ti 32k, 1e9 s^-1",12,0.1099999999999998,-0.010950856932103509,0.004105689650981967
32k_1e9,"Ti 32k, 1e9 s^-1",13,0.1149999999999999,-0.011611831721145693,0.007413529507541009
32k_1e9,"Ti 32k, 1e9 s^-1",14,0.1199999999999999,-0.012780507508462343,0.010582155687825107
32k_1e9,"Ti 32k, 1e9 s^-1",15,0.1219999999999999,-0.012496193436192671,0.01204781544596571
32k_1e9,"Ti 32k, 1e9 s^-1",16,0.1239999999999999,-0.013776647974807009,0.012395394015564212
32k_1e9,"Ti 32k, 1e9 s^-1",17,0.1259999999999999,-0.013281362044330391,0.0139338490466645
32k_1e9,"Ti 32k, 1e9 s^-1",18,0.1279999999999999,-0.013203080885905242,0.01606902847003547
32k_1e9,"Ti 32k, 1e9 s^-1",19,0.1299999999999999,-0.014327312428191852,0.016740943429910504
32k_1e9,"Ti 32k, 1e9 s^-1",20,0.132,-0.014024797842784903,0.018765968934783852
32k_1e9,"Ti 32k, 1e9 s^-1",21,0.134,-0.014067101433452878,0.020403733961597715
32k_1e9,"Ti 32k, 1e9 s^-1",22,0.136,-0.014268572604737299,0.021810641185509516
32k_1e9,"Ti 32k, 1e9 s^-1",23,0.138,-0.014869928058863566,0.022945571270884018
32k_1e9,"Ti 32k, 1e9 s^-1",24,0.14,-0.014912905665574178,0.024617705813395792
32k_1e9,"Ti 32k, 1e9 s^-1",25,0.142,-0.014849990259658163,0.025575288090563687
32k_1e9,"Ti 32k, 1e9 s^-1",26,0.144,-0.0149347261483277,0.027980492912123227
32k_1e9,"Ti 32k, 1e9 s^-1",27,0.146,-0.015435585973954573,0.028872173312323553
32k_1e9,"Ti 32k, 1e9 s^-1",28,0.148,-0.015975231552568313,0.03007242051784182
32k_1e9,"Ti 32k, 1e9 s^-1",29,0.15,-0.0166189339439717,0.031331468302182267
32k_1e9,"Ti 32k, 1e9 s^-1",30,0.152,-0.016081957124834814,0.03291884094417034
32k_1e9,"Ti 32k, 1e9 s^-1",31,0.154,-0.015646273312799212,0.03483469425585779
32k_1e9,"Ti 32k, 1e9 s^-1",32,0.1560000000000001,-0.013765753541788127,0.03425199223387116
32k_1e9,"Ti 32k, 1e9 s^-1",33,0.1580000000000001,0.0072109905506561245,0.003451903060722157
32k_1e9,"Ti 32k, 1e9 s^-1",34,0.1599999999999999,0.017902341897839163,-0.01651449680472408
32k_1e9,"Ti 32k, 1e9 s^-1",35,0.1619999999999999,0.019774145651439062,-0.019356917871154105
32k_1e9,"Ti 32k, 1e9 s^-1",36,0.1639999999999999,0.01999942764883103,-0.020814946250049936
32k_1e9,"Ti 32k, 1e9 s^-1",37,0.166,0.0193507405791276,-0.021145044095618473
32k_1e9,"Ti 32k, 1e9 s^-1",38,0.1679999999999998,0.020249934333744387,-0.021210076706795134
32k_1e9,"Ti 32k, 1e9 s^-1",39,0.1699999999999998,0.019834763410351713,-0.021576061753534336
32k_1e9,"Ti 32k, 1e9 s^-1",40,0.1719999999999998,0.020026017788569248,-0.02322952868116054
32k_1e9,"Ti 32k, 1e9 s^-1",41,0.1739999999999998,0.020075419322341775,-0.024011070245729477
32k_1e9,"Ti 32k, 1e9 s^-1",42,0.1759999999999998,0.01987104076855355,-0.023187829564573333
32k_1e9,"Ti 32k, 1e9 s^-1",43,0.1779999999999999,0.019535899000306844,-0.0237221385147505
32k_1e9,"Ti 32k, 1e9 s^-1",44,0.1799999999999999,0.02019547635301941,-0.021975189955983337
32k_1e9,"Ti 32k, 1e9 s^-1",45,0.1899999999999999,0.01775061087034242,-0.02263530542384404
32k_1e9,"Ti 32k, 1e9 s^-1",46,0.2,0.016250195906322307,-0.024504991609249474
32k_1e9,"Ti 32k, 1e9 s^-1",47,0.21,0.01549046657991652,-0.02279104647341317
32k_1e9,"Ti 32k, 1e9 s^-1",48,0.2199999999999999,0.014767919073878685,-0.022474549719191612
32k_1e9,"Ti 32k, 1e9 s^-1",49,0.2299999999999999,0.013572674245964077,-0.022658288722307202
32k_1e9,"Ti 32k, 1e9 s^-1",50,0.2399999999999998,0.01387992434981148,-0.021986644279286368
32k_1e9,"Ti 32k, 1e9 s^-1",51,0.2499999999999999,0.01318331254400384,-0.02166883632343911
108k_1e9,"Ti 108k, 1e9 s^-1",0,0.0,0.019914003829386788,-0.03616416730670783
108k_1e9,"Ti 108k, 1e9 s^-1",1,0.01,0.01594287212636445,-0.03487413817686353
108k_1e9,"Ti 108k, 1e9 s^-1",2,0.0200000000000001,0.012838251970025269,-0.03250556432972936
108k_1e9,"Ti 108k, 1e9 s^-1",3,0.0299999999999998,0.00922839639841059,-0.030593418793260458
108k_1e9,"Ti 108k, 1e9 s^-1",4,0.0399999999999999,0.006084560139384966,-0.027947908009637402
108k_1e9,"Ti 108k, 1e9 s^-1",5,0.05,0.0030172499089542934,-0.02483644963331479
108k_1e9,"Ti 108k, 1e9 s^-1",6,0.06,7.915198151793576e-06,-0.021379380836865868
108k_1e9,"Ti 108k, 1e9 s^-1",7,0.0700000000000001,-0.0019650821169116196,-0.016504836618373674
108k_1e9,"Ti 108k, 1e9 s^-1",8,0.0799999999999998,-0.004492428832645549,-0.012211772023515952
108k_1e9,"Ti 108k, 1e9 s^-1",9,0.0899999999999999,-0.006381797920228571,-0.0066934955272508895
108k_1e9,"Ti 108k, 1e9 s^-1",10,0.1,-0.008808970975123747,-0.001542180314784407
108k_1e9,"Ti 108k, 1e9 s^-1",11,0.105,-0.00985167660736279,0.0016167502783012045
108k_1e9,"Ti 108k, 1e9 s^-1",12,0.11,-0.010725556732670194,0.004354736902733127
108k_1e9,"Ti 108k, 1e9 s^-1",13,0.115,-0.012839204994792361,0.0062555629587867775
108k_1e9,"Ti 108k, 1e9 s^-1",14,0.12,-0.013100111810965404,0.009932325359289843
108k_1e9,"Ti 108k, 1e9 s^-1",15,0.122,-0.01331904873728684,0.010975718992609625
108k_1e9,"Ti 108k, 1e9 s^-1",16,0.1239999999999999,-0.013347041654827009,0.013065165707134072
108k_1e9,"Ti 108k, 1e9 s^-1",17,0.126,-0.013648578710490931,0.01412026674397246
108k_1e9,"Ti 108k, 1e9 s^-1",18,0.1279999999999999,-0.01330947115326431,0.015800603132404372
108k_1e9,"Ti 108k, 1e9 s^-1",19,0.1299999999999999,-0.014087432867305412,0.016816714477115108
108k_1e9,"Ti 108k, 1e9 s^-1",20,0.1320000000000001,-0.013748032994342062,0.01858314180415421
108k_1e9,"Ti 108k, 1e9 s^-1",21,0.1339999999999999,-0.013948304564936164,0.01992122928112938
108k_1e9,"Ti 108k, 1e9 s^-1",22,0.1359999999999999,-0.014289898050858568,0.02179635236543485
108k_1e9,"Ti 108k, 1e9 s^-1",23,0.138,-0.014712553825558037,0.023199411099620593
108k_1e9,"Ti 108k, 1e9 s^-1",24,0.1399999999999999,-0.015129740494203002,0.024012246098563766
108k_1e9,"Ti 108k, 1e9 s^-1",25,0.142,-0.014519606744245035,0.02655381875270103
108k_1e9,"Ti 108k, 1e9 s^-1",26,0.144,-0.014574071400034345,0.028090177485883546
108k_1e9,"Ti 108k, 1e9 s^-1",27,0.1459999999999998,-0.01506403555687571,0.02903893191646339
108k_1e9,"Ti 108k, 1e9 s^-1",28,0.148,-0.015837314346923124,0.02955476192324929
108k_1e9,"Ti 108k, 1e9 s^-1",29,0.15,-0.015731293072339753,0.03194662236562839
108k_1e9,"Ti 108k, 1e9 s^-1",30,0.1519999999999999,-0.016802735477776807,0.032988613901851434
108k_1e9,"Ti 108k, 1e9 s^-1",31,0.154,-0.015498085514721757,0.035394842626021515
108k_1e9,"Ti 108k, 1e9 s^-1",32,0.1559999999999999,-0.01486466572778538,0.03514712228389437
108k_1e9,"Ti 108k, 1e9 s^-1",33,0.1579999999999999,0.003996580274607679,0.004394974183852439
108k_1e9,"Ti 108k, 1e9 s^-1",34,0.1600000000000001,0.018473530756755167,-0.018910652852582522
108k_1e9,"Ti 108k, 1e9 s^-1",35,0.1619999999999999,0.021282717400141996,-0.02124054222262781
108k_1e9,"Ti 108k, 1e9 s^-1",36,0.1640000000000001,0.020502976637957488,-0.02345678393546
108k_1e9,"Ti 108k, 1e9 s^-1",37,0.166,0.022243171093030874,-0.022829546462397928
108k_1e9,"Ti 108k, 1e9 s^-1",38,0.1679999999999999,0.02266823574055352,-0.022887793670237994
108k_1e9,"Ti 108k, 1e9 s^-1",39,0.17,0.021880482112599086,-0.024112386406288204
108k_1e9,"Ti 108k, 1e9 s^-1",40,0.172,0.02036437046120171,-0.024645672640430334
108k_1e9,"Ti 108k, 1e9 s^-1",41,0.1739999999999999,0.022448145271561224,-0.0226107445973661
108k_1e9,"Ti 108k, 1e9 s^-1",42,0.176,0.02114091640868235,-0.025315931458224836
108k_1e9,"Ti 108k, 1e9 s^-1",43,0.178,0.020805604353861334,-0.025020278955766303
108k_1e9,"Ti 108k, 1e9 s^-1",44,0.18,0.020555427513745637,-0.02506386759571343
108k_1e9,"Ti 108k, 1e9 s^-1",45,0.1899999999999999,0.01824603586817264,-0.02517598886310919
108k_1e9,"Ti 108k, 1e9 s^-1",46,0.2,0.01739990199277107,-0.023814151552205703
108k_1e9,"Ti 108k, 1e9 s^-1",47,0.21,0.01671418165225048,-0.023619440177064237
108k_1e9,"Ti 108k, 1e9 s^-1",48,0.2199999999999999,0.015367095825111298,-0.022853704634514485
108k_1e9,"Ti 108k, 1e9 s^-1",49,0.23,0.014471083981323562,-0.023080584909943847
108k_1e9,"Ti 108k, 1e9 s^-1",50,0.2399999999999999,0.012985810861979342,-0.022042727868912572
108k_1e9,"Ti 108k, 1e9 s^-1",51,0.25,0.012777147400792877,-0.022466625964872547
108k_1e10,"Ti 108k, 1e10 s^-1",0,0.0,0.019948270323788406,-0.0365948667057322
108k_1e10,"Ti 108k, 1e10 s^-1",1,0.01,0.016107548618415752,-0.03491794820728047
108k_1e10,"Ti 108k, 1e10 s^-1",2,0.0200000000000001,0.012969554939855299,-0.03270315983283912
108k_1e10,"Ti 108k, 1e10 s^-1",3,0.0299999999999998,0.00917023044970679,-0.030825377711088467
108k_1e10,"Ti 108k, 1e10 s^-1",4,0.0399999999999999,0.006069300944916077,-0.028017225029168882
108k_1e10,"Ti 108k, 1e10 s^-1",5,0.05,0.0035609899332501084,-0.02413983396221206
108k_1e10,"Ti 108k, 1e10 s^-1",6,0.06,0.00041957128180186097,-0.021221267672592744
108k_1e10,"Ti 108k, 1e10 s^-1",7,0.0700000000000001,-0.002158152819165954,-0.016954294856957437
108k_1e10,"Ti 108k, 1e10 s^-1",8,0.0799999999999998,-0.0052059243613053864,-0.01281459177645765
108k_1e10,"Ti 108k, 1e10 s^-1",9,0.0899999999999999,-0.006384628366152939,-0.006852221322549725
108k_1e10,"Ti 108k, 1e10 s^-1",10,0.1,-0.008824473286172052,-0.001983972246571553
108k_1e10,"Ti 108k, 1e10 s^-1",11,0.1049999999999999,-0.010462526011880087,0.0010115588623137847
108k_1e10,"Ti 108k, 1e10 s^-1",12,0.1100000000000001,-0.010921393594876646,0.0036120322806347926
108k_1e10,"Ti 108k, 1e10 s^-1",13,0.1149999999999999,-0.01088333425362054,0.007930872038990842
108k_1e10,"Ti 108k, 1e10 s^-1",14,0.12,-0.012608860100995373,0.010208802591184233
108k_1e10,"Ti 108k, 1e10 s^-1",15,0.1219999999999999,-0.01268966996225227,0.011664661979265745
108k_1e10,"Ti 108k, 1e10 s^-1",16,0.124,-0.013108677656031928,0.01343847055276631
108k_1e10,"Ti 108k, 1e10 s^-1",17,0.1259999999999999,-0.01268003301337343,0.014198378236703897
108k_1e10,"Ti 108k, 1e10 s^-1",18,0.128,-0.013854840413032253,0.015811714014379245
108k_1e10,"Ti 108k, 1e10 s^-1",19,0.1299999999999999,-0.013586694474609286,0.01708570698625228
108k_1e10,"Ti 108k, 1e10 s^-1",20,0.132,-0.013584480423072635,0.01907950040244166
108k_1e10,"Ti 108k, 1e10 s^-1",21,0.1340000000000001,-0.013682878984302267,0.020406890938962637
108k_1e10,"Ti 108k, 1e10 s^-1",22,0.1359999999999999,-0.015013986294953569,0.020415725208994744
108k_1e10,"Ti 108k, 1e10 s^-1",23,0.138,-0.014383302774046165,0.023688975002981456
108k_1e10,"Ti 108k, 1e10 s^-1",24,0.1399999999999999,-0.013920155955999896,0.02501273722068268
108k_1e10,"Ti 108k, 1e10 s^-1",25,0.142,-0.015501590748569022,0.025102650617371335
108k_1e10,"Ti 108k, 1e10 s^-1",26,0.1439999999999999,-0.01600419971830678,0.0263445942086881
108k_1e10,"Ti 108k, 1e10 s^-1",27,0.146,-0.015768924035099514,0.02838324160966839
108k_1e10,"Ti 108k, 1e10 s^-1",28,0.1479999999999999,-0.0156967035926213,0.03024656083717311
108k_1e10,"Ti 108k, 1e10 s^-1",29,0.15,-0.016038264719481454,0.03154817325776371
108k_1e10,"Ti 108k, 1e10 s^-1",30,0.1520000000000001,-0.016148176075382107,0.0328929057828916
108k_1e10,"Ti 108k, 1e10 s^-1",31,0.1539999999999999,-0.016600946402420474,0.034012165772863666
108k_1e10,"Ti 108k, 1e10 s^-1",32,0.156,-0.016418181427906044,0.03628017673992136
108k_1e10,"Ti 108k, 1e10 s^-1",33,0.1579999999999999,-0.016195489518764778,0.03739848317072878
108k_1e10,"Ti 108k, 1e10 s^-1",34,0.1600000000000001,-0.01705584391714969,0.03876982885583201
108k_1e10,"Ti 108k, 1e10 s^-1",35,0.1619999999999999,-0.016365831385609226,0.04053944206013571
108k_1e10,"Ti 108k, 1e10 s^-1",36,0.164,-0.015270228906997405,0.04248038546407782
108k_1e10,"Ti 108k, 1e10 s^-1",37,0.1659999999999999,-0.01795093369554339,0.04293091174518211
108k_1e10,"Ti 108k, 1e10 s^-1",38,0.168,-0.0132602227078358,0.045998890214777634
108k_1e10,"Ti 108k, 1e10 s^-1",39,0.1700000000000001,-0.011366453943215213,0.04638927703916968
108k_1e10,"Ti 108k, 1e10 s^-1",40,0.1719999999999999,-0.007824899174323758,0.04437872211601864
108k_1e10,"Ti 108k, 1e10 s^-1",41,0.174,-0.003041544154230623,0.04064820737660128
108k_1e10,"Ti 108k, 1e10 s^-1",42,0.1759999999999999,0.002698143718003989,0.03337792565752642
108k_1e10,"Ti 108k, 1e10 s^-1",43,0.1780000000000001,0.008477107663115623,0.024537413265568814
108k_1e10,"Ti 108k, 1e10 s^-1",44,0.18,0.01302285192419925,0.01774953332620178
108k_1e10,"Ti 108k, 1e10 s^-1",45,0.1899999999999999,0.02311487823278716,-0.0060467302065041004
108k_1e10,"Ti 108k, 1e10 s^-1",46,0.2,0.023610094382158543,-0.01080200302922473
108k_1e10,"Ti 108k, 1e10 s^-1",47,0.21,0.02389867597637921,-0.011994820509872594
108k_1e10,"Ti 108k, 1e10 s^-1",48,0.22,0.023512326530322526,-0.01231530310490253
108k_1e10,"Ti 108k, 1e10 s^-1",49,0.2300000000000001,0.023807586216588215,-0.0118602388919748
108k_1e10,"Ti 108k, 1e10 s^-1",50,0.2399999999999999,0.023241815735573917,-0.013741077159181107
108k_1e10,"Ti 108k, 1e10 s^-1",51,0.25,0.02315018670832876,-0.013276438235501616
