step,time_ps,strain,sigma_zz_GPa,sigma_xx_GPa,sigma_yy_GPa,temp_K,pe_eV_atom,lx_A,ly_A,lz_A,vol_A3,density_g_cm3
0,0,-1.41353475187549e-15,0.264751346838756,-0.14156266176798,-0.139569970370677,299.677467801668,-4.83350970467356,153.666264929514,88.719259422424,140.747842066746,1918837.45965965,4.47495598909223
100,0.1,0.000999999999998475,0.568804706210623,0.131264219492019,0.133773461776722,301.316520786657,-4.83371382895286,153.541067514132,88.6442256012827,140.607094224679,1913736.93745743,4.48688271315214
200,0.2,0.00199999999999877,0.567421220083055,-0.100045548801706,-0.0966707587975518,299.603469464335,-4.83369046555077,153.728377808115,88.7553082938041,140.466346382613,1916552.26699584,4.48029168317856
300,0.3,0.00299999999999866,0.813232124568858,0.0813174029197943,0.0744182618095736,299.678568119056,-4.83373340648422,153.661405643574,88.7189568160382,140.325598540546,1913013.92620701,4.48857850147678
400,0.4,0.00399999999999854,0.867175957409648,-0.0526180492478219,-0.0507073572924816,299.236207223784,-4.83355749183257,153.799827294983,88.7914509976702,140.184850698479,1914379.71746011,4.48537617896977
500,0.5,0.00499999999999843,1.06313143476542,0.0471960099329741,0.0462862946145208,300.184367650685,-4.83353336003719,153.783153665762,88.785267716082,140.044102856412,1912117.15180232,4.490683624748
600,0.6,0.00599999999999873,1.15086051627339,-0.035373882674297,-0.0364480029424316,300.198995106215,-4.8334284181703,153.880344510487,88.8443709783439,139.903355014346,1912675.06546494,4.48937372439223
700,0.7,0.00699999999999861,1.33218758982532,0.0349982053652828,0.0288841269218614,300.058488643171,-4.83332019070517,153.884455348335,88.8486047597916,139.762607172279,1910892.94702454,4.49356056055828
800,0.8,0.0079999999999985,1.43537978720375,-0.0201030909455643,-0.0211904432785811,300.045219955185,-4.83328010767223,153.967074138486,88.8939458946317,139.621859330212,1910968.19280554,4.49338362329941
900,0.9,0.0089999999999988,1.59828845874057,0.0158785402563642,0.0211632760142901,298.738478070125,-4.83324493189549,153.991077102055,88.905826681457,139.481111488145,1909594.61255499,4.49661573495417
1000,1,0.00999999999999868,1.71446102436448,-0.0126445892788654,-0.0109501692578563,298.583579996124,-4.83313978877363,154.056067065954,88.9471144552124,139.340363646079,1909359.07502624,4.4971704351003
1100,1.1,0.0109999999999986,1.86621688045155,0.0132810905331747,0.0133475386114028,298.579164301555,-4.83280945790956,154.091308815092,88.9690293923628,139.199615804012,1908336.83520552,4.49957943681034
1200,1.2,0.0119999999999985,1.99328280586852,-0.00509265183110919,-0.00537772198043083,300.332899442852,-4.832706953749,154.153254581909,89.003249009241,139.058867961945,1907907.20664529,4.50059266629464
1300,1.3,0.0129999999999988,2.14408363021081,0.00358092908934029,0.0105564208529173,299.842740918483,-4.83239978714322,154.201334220896,89.0255268457962,138.918120119878,1907047.81256495,4.50262081822138
1400,1.4,0.0139999999999986,2.27640048346568,-0.00492270959682781,0.0039254328801385,300.378673601396,-4.83231202941561,154.25288900328,89.0583479917946,138.777372277812,1906455.18799948,4.50402046491785
1500,1.5,0.0149999999999985,2.41674838822824,0.00357630624980218,-0.00098728427045444,299.48141739172,-4.83220719982197,154.293099461693,89.0894113221514,138.636624435745,1905682.59748295,4.50584645813522
1600,1.6,0.0159999999999984,2.55263100984889,0.0059552885849039,0.00350344081048747,299.18139650388,-4.83199065897662,154.348669465014,89.1143129343497,138.495876593678,1904965.8588748,4.50754177152045
1700,1.7,0.0169999999999987,2.68868793382323,0.00100384908994524,0.000170572056147555,299.56401162002,-4.8316811539108,154.411258866712,89.14208229447,138.355128751611,1904394.86233566,4.50889327209549
1800,1.8,0.0179999999999986,2.83094141312299,0.00587464196011643,0.00512419271951616,299.620790786276,-4.83130262961246,154.453851775402,89.1746946432362,138.214380909545,1903678.50813365,4.51058996858499
1900,1.9,0.0189999999999985,2.96367086495115,-0.00212935754306752,-0.00448434269305995,300.823656290971,-4.83109151284374,154.503178622606,89.2117005451455,138.073633067478,1903136.72077363,4.51187404902153
2000,2,0.0199999999999988,3.11250411226821,0.0107557457106268,0.00598820630909787,299.545479502185,-4.83066264884739,154.552762332446,89.2358130214165,137.932885225411,1902320.89049507,4.51380901355914
2100,2.1,0.0209999999999987,3.2421990020887,-0.00489307554586574,0.000640660417547564,298.282371197309,-4.83044036753631,154.618513764005,89.2639974977924,137.792137383345,1901788.70224091,4.51507213818266
2200,2.2,0.0219999999999986,3.39014043821996,0.00885096837360652,0.0102962653862112,298.499794924195,-4.83022521656739,154.662543723243,89.2889219749091,137.651389541278,1900917.75920607,4.51714080770372
2300,2.3,0.0229999999999984,3.51208447685196,-0.00874190102217088,-0.00405119685705516,300.38887873441,-4.82997287250149,154.722273464027,89.3288525482933,137.510641699211,1900557.01408917,4.51799820712749
2400,2.4,0.0239999999999987,3.66264477680457,0.0103706828000238,0.00119383552884583,299.418207299854,-4.82933406753705,154.765011189203,89.3592676272121,137.369893857144,1899782.78008074,4.51983946387468
2500,2.5,0.0249999999999986,3.79564938324057,-0.00658357581444247,0.00419089251208935,300.292479827986,-4.82900306717433,154.836620746022,89.3851896915909,137.229146015078,1899265.20210005,4.52107118726969
2600,2.6,0.0259999999999985,3.94430208575215,0.00758168054800316,0.00809185910354574,298.969837789116,-4.82848214491046,154.881520376361,89.415207065375,137.088398173011,1898504.76582885,4.52288207896579
2700,2.7,0.0269999999999988,4.07226954977242,-0.00155407823628032,-0.00516469065567889,300.056734496215,-4.82825753566938,154.929250121965,89.4558086720876,136.947650330944,1898001.49497065,4.52408135870897
2800,2.8,0.0279999999999987,4.21335108343615,0.00555741963859358,0.00115243759777329,299.844994921953,-4.82781676595992,154.984718589947,89.4831107356493,136.806902488877,1897308.54314224,4.52573368376738
2900,2.9,0.0289999999999986,4.34912016852338,-0.00153071676478582,0.00320354535625549,299.378838437314,-4.82732920766278,155.049802782662,89.511996611634,136.666154646811,1896764.60801644,4.52703152827071
3000,3,0.0299999999999985,4.49150556289461,0.00671666486606432,0.00206086558376815,299.229910740755,-4.82684928851763,155.095474097953,89.5473232146668,136.525406804744,1896117.35030118,4.52857687359622
3100,3.1,0.0309999999999988,4.62395299151431,0.00595901609662033,-0.00410441970230494,299.896636014843,-4.82646683484597,155.151655340863,89.5811744432001,136.384658962677,1895565.0273288,4.52989639416314
3200,3.2,0.0319999999999987,4.7619367522101,-0.000588632625699551,0.00863766857074218,299.693707922812,-4.82600280575079,155.216350915297,89.6064620246696,136.24391112061,1894933.18584642,4.53140683077066
3300,3.3,0.0329999999999985,4.89949121203808,0.00545540874779184,-0.00256892449612441,299.241716957458,-4.82549931145653,155.2671881901,89.6431699840637,136.103163278544,1894371.33320566,4.53275080322716
3400,3.4,0.0339999999999988,5.03923456650865,-0.000574727673587735,0.00587039631221003,300.881497191287,-4.82514525824204,155.318001107269,89.6762232934659,135.962415436477,1893729.62756609,4.53428676259055
3500,3.5,0.0349999999999987,5.17377509382277,0.00158706265190716,-0.00532847425391502,301.002917964448,-4.82445055170331,155.379567986049,89.7128605935557,135.82166759441,1893292.31828169,4.53533408406346
3600,3.6,0.0359999999999986,5.31250023923214,-0.00388053156191403,0.00897150523963901,301.787785124444,-4.82387615820282,155.448518156095,89.7370426861227,135.680919752343,1892679.67523788,4.53680213009064
3700,3.7,0.0369999999999985,5.4469776599898,0.00261175130248887,-0.0053321165436278,300.859302147352,-4.82327071656002,155.496793460308,89.7786257912189,135.540171910277,1892179.89396423,4.53800043515355
3800,3.8,0.0379999999999988,5.58723617129491,0.00982372083045305,0.0010710988129613,299.340493148651,-4.82273266021593,155.547120678038,89.8107176784534,135.39942406821,1891502.67678835,4.53962518138128
3900,3.9,0.0389999999999987,5.72007600111981,-0.008053807377884,0.00978325217578843,299.016292869215,-4.82207137894292,155.619494489604,89.839846820377,135.258676226143,1891028.7676164,4.54076285313302
4000,4,0.0399999999999986,5.85771548956271,0.00987028497421716,-0.00542054701583833,300.240861720293,-4.8214687513284,155.662788065794,89.8823949021951,135.117928384076,1890481.44205957,4.54207747886895
4100,4.1,0.0409999999999985,5.99568505264248,-0.0018885757933135,0.00611034144425919,300.044238292563,-4.82070278643707,155.734397820691,89.9102222242996,134.97718054201,1889965.91200407,4.54331643108492
4200,4.2,0.0419999999999988,6.12952184858612,-8.58590169722748e-05,0.00608553086671748,300.426873485044,-4.82005803758811,155.802664313374,89.9398876756469,134.836432699943,1889445.9592809,4.54456669693082
4300,4.3,0.0429999999999986,6.25963880152441,0.00250165939015625,-0.000391403039194251,300.122192843724,-4.81947290254497,155.848961631763,89.9839478291175,134.695684857876,1888959.46582149,4.54573713071402
4400,4.4,0.0439999999999985,6.40277482110122,0.00911861980466433,0.00264873097703704,298.320208479811,-4.81871832761409,155.901446260422,90.0186595088216,134.554937015809,1888349.26168963,4.54720604731531
4500,4.5,0.0449999999999988,6.53438988036685,0.00194130523263154,0.0024400040487054,299.437035642414,-4.81818438141213,155.975201806721,90.0461624049365,134.414189173743,1887843.0331435,4.54842538889502
4600,4.6,0.0459999999999987,6.67199575694513,-0.00172536921092075,0.00767160290739455,299.603208409246,-4.81734062413159,156.037074624011,90.0817011694595,134.273441331676,1887358.92173878,4.54959206926455
4700,4.7,0.0469999999999986,6.80549483495141,0.0124977352539059,-0.00675974284213363,300.184774572822,-4.81649646076007,156.084638726418,90.1277909563577,134.132693489609,1886920.20866126,4.55064985937619
4800,4.8,0.0479999999999985,6.9379256149413,-0.000766852165415995,0.00548845739065351,301.133287228017,-4.81589131546613,156.15885417717,90.1565327192932,133.991945647542,1886437.87822728,4.55181338399947
4900,4.9,0.0489999999999988,7.07374796001306,0.00236858778342536,0.00681568271592154,300.268978350672,-4.815112784985,156.227408683738,90.1867096615466,133.851197805476,1885914.6483011,4.55307624336748
5000,5,0.0499999999999987,7.20281517421441,-0.00147675817585671,-0.000915474121172987,300.748141333225,-4.81445612163237,156.284082395421,90.2275283504999,133.710449963409,1885467.96597183,4.55415490327495
5100,5.1,0.0509999999999986,7.34181082755226,0.00429750369904869,0.00469699433568178,299.250929255756,-4.81345467733285,156.343176019711,90.2647591979728,133.569702121342,1884972.92040407,4.55535094921034
5200,5.2,0.0519999999999988,7.47228608299684,0.00175956355970279,0.00448123631164339,299.530692684652,-4.81265205058894,156.413817847451,90.2980381851831,133.428954279275,1884531.98982988,4.55641678068496
5300,5.3,0.0529999999999987,7.60802886786828,-0.00190990270906488,0.0124517212134998,299.667628629539,-4.81182694136447,156.475821692731,90.3336389946459,133.288206437209,1884032.84837619,4.55762392338286
5400,5.4,0.0539999999999986,7.73930917979795,0.00340788207912628,-0.00176127175381286,299.812895408261,-4.81100724783859,156.532334700865,90.3765074012733,133.147458595142,1883616.55284241,4.5586311976506
5500,5.5,0.0549999999999985,7.87166875497818,0.00501792875873765,0.0041772841396084,299.330242195228,-4.81012203088043,156.598770029134,90.4101630861538,133.006710753075,1883125.01652713,4.55982109888494
5600,5.6,0.0559999999999988,7.99491821276562,-0.00274590609153291,0.00535316405526554,299.354470851806,-4.80929042515776,156.672762059391,90.4469234444848,132.865962911008,1882786.33714384,4.56064132865145
5700,5.7,0.0569999999999987,8.13246929983461,0.0135953273391674,-0.00110129036948331,299.075827028509,-4.80829372251069,156.726793424848,90.488090785122,132.725215068942,1882296.83078344,4.56182735994117
5800,5.8,0.0579999999999986,8.26432107576506,-0.0035332979274229,0.00866825816107001,300.206503065546,-4.80738088264422,156.801683439149,90.5224548959455,132.584467226875,1881913.64847767,4.5627562078337
5900,5.9,0.0589999999999985,8.39443301653392,0.00480479605876948,-0.000917397992093638,300.52989425697,-4.80642412512524,156.865247656224,90.5626997739931,132.443719384808,1881514.06320425,4.56372522008958
6000,6,0.0599999999999988,8.52161343372649,0.000847899109522653,-0.00345563299968741,300.913950641686,-4.80559820299196,156.928560717062,90.6044164710094,132.302971542741,1881139.3054716,4.5646343985385
6100,6.1,0.0609999999999987,8.65763732017575,0.00382472533775036,0.00720753957867273,300.139951565858,-4.80476876472538,156.991768243003,90.6381892940618,132.162223700675,1880595.7021796,4.56595384762739
6200,6.2,0.0619999999999985,8.77633029105365,0.00276274105087209,-0.00187396744520635,299.838966383152,-4.80375603185613,157.063741787212,90.6799765491769,132.021475858608,1880320.67840114,4.56662168364805
6300,6.3,0.0629999999999988,8.90908430324846,0.000171806648593735,0.0102796658165044,300.867719640986,-4.80272035857585,157.131934114432,90.7161512355862,131.880728016541,1879881.2164028,4.56768922806162
6400,6.4,0.0639999999999987,9.03350574522479,-0.00393677142231479,-0.000900544695561934,300.658122557684,-4.80160680754196,157.20346803921,90.7587143807407,131.739980174474,1879611.31964432,4.5683451107452
6500,6.5,0.0649999999999986,9.17115594489077,0.00555399489575735,0.00567830398133271,299.746792582461,-4.80046785805639,157.264166128526,90.7966857819851,131.599232332408,1879114.00252317,4.56955414661842
6600,6.6,0.0659999999999985,9.28831295709472,-0.00219347878671409,0.000166781572079609,299.868339343142,-4.79947358605786,157.339780956789,90.8384273076222,131.458484490341,1878870.16018847,4.5701471895946
6700,6.7,0.0669999999999988,9.4166477994345,0.00303998857662657,-0.00307662333444064,300.287178733179,-4.79851103054789,157.408746807041,90.8756269708005,131.317736648274,1878450.13249297,4.57116908970199
6800,6.8,0.0679999999999987,9.54465605213793,0.0026113018627835,0.00454318841593242,298.657089821514,-4.79733882297921,157.473310163456,90.9182727550242,131.176988806207,1878087.363203,4.57205205169698
6900,6.9,0.0689999999999986,9.6676076982745,0.00262566265356752,0.000310190760707081,298.912049050065,-4.79647718414443,157.539327178926,90.9596995738884,131.036240964141,1877713.93636247,4.57296130998142
7000,7,0.0699999999999989,9.79231873073998,0.00276486952694161,-0.000822080836130492,299.216142318716,-4.79529392328085,157.612092969906,91.0004496379813,130.895493122074,1877404.1258001,4.57371594330498
7100,7.1,0.0709999999999987,9.91699973777398,-0.00418465636857505,0.00511284085203488,299.753551627091,-4.79403388934884,157.691473523098,91.0392435901205,130.754745280007,1877129.82924616,4.57438427988053
7200,7.2,0.0719999999999986,10.0397090085791,0.0033107515532859,-0.000753547673782039,300.025010978393,-4.79283141991416,157.760816390299,91.0828582863261,130.61399743794,1876832.50783323,4.57510893825665
7300,7.3,0.0729999999999985,10.1666551482915,0.00415722478658138,0.00179758808866112,299.604747518089,-4.79158467610885,157.831027941123,91.1247026261849,130.473249595874,1876506.13348072,4.57590467144971
7400,7.4,0.0739999999999988,10.2836864993968,-0.00368741645882086,0.00636706488195688,299.655196686548,-4.79047128118315,157.912695619413,91.1631514454718,130.332501753807,1876243.10322929,4.57654616686904
7500,7.5,0.0749999999999987,10.4085628957774,0.00967938437165865,0.000986163479698908,299.38833458362,-4.78945797799587,157.972650197156,91.206350217856,130.19175391174,1875816.96286865,4.57758584775084
7600,7.6,0.0759999999999986,10.5204712500676,0.000345834103686741,-0.000183833940837056,300.289581947614,-4.78843482517304,158.047937816847,91.2506429772396,130.051006069673,1875592.48142182,4.57813371894582
7700,7.7,0.0769999999999989,10.6475327707058,-0.00215013993281583,0.00690873076276658,300.486446684494,-4.78705821163528,158.130871038521,91.2879645821045,129.910258227607,1875312.43365982,4.57881738961268
7800,7.8,0.0779999999999988,10.7692924078495,0.00745919093026916,0.00238654858433523,298.639045136803,-4.785490410334,158.197879604631,91.335935894489,129.76951038554,1875059.30139444,4.57943552815248
7900,7.9,0.0789999999999987,10.8871742148411,0.00114506947592081,0.00670277248557822,299.443855427522,-4.78431819192126,158.271432752243,91.3800126897069,129.628762543473,1874800.76934141,4.58006702504973
8000,8,0.0799999999999986,11.0031661877491,0.00630242262176759,0.00092752605483124,299.443470483689,-4.78305468140518,158.356466917281,91.4187523745227,129.488014701407,1874565.69918493,4.58064136452086
8100,8.1,0.0809999999999989,11.1171088193649,-0.001506540966417,0.00215944515566462,299.98694026526,-4.78186502999943,158.437295559836,91.461092816972,129.34726685934,1874351.6084798,4.58116457091141
8200,8.2,0.0819999999999987,11.2374128225489,-0.00195512698994356,0.00711062668606778,301.076808926047,-4.78076219122974,158.506969526562,91.5046605775314,129.206519017273,1874027.68943541,4.58195640897141
8300,8.3,0.0829999999999986,11.3506989332438,0.0117987757790252,-0.00741833565651495,300.148047100531,-4.77936430271746,158.573748710786,91.5565096037625,129.065771175206,1873836.10023705,4.58242488823446
8400,8.4,0.0839999999999987,11.4691486574765,-0.00399396025926952,0.00968708127732746,300.253990442141,-4.77797868612635,158.662385430673,91.5929473606502,128.92502333314,1873584.27409753,4.58304080628266
8500,8.5,0.0849999999999988,11.580962713957,-0.00283295394304294,0.00618691232892233,300.265828314648,-4.77646489542757,158.746528147762,91.6379896507248,128.784275491073,1873452.24843389,4.58336378169047
8600,8.6,0.0859999999999987,11.6962291554538,0.00987867916541262,-0.00282968140797263,300.453282658346,-4.77507842370352,158.809914359642,91.6900693296931,128.643527649006,1873215.97745291,4.5839418868689
8700,8.7,0.0869999999999986,11.8080487581254,-0.00314561273302394,0.00303317287486257,300.374534240708,-4.77383418368343,158.890156973879,91.733631991395,128.502779806939,1873001.41479017,4.58446700274406
8800,8.8,0.0879999999999989,11.920058128154,-0.000688574094203379,0.00510755635725834,299.015488005746,-4.77252891748678,158.972251168628,91.7752009818838,128.362031964873,1872764.86008494,4.58504608091004
8900,8.9,0.0889999999999988,12.032975486442,0.00304038364068094,0.00362836247584252,299.115115646678,-4.77110287363734,159.046277883344,91.8235745277674,128.221284122806,1872568.98916344,4.58552567723262
9000,9,0.0899999999999987,12.1442741329884,0.00282936763856366,0.00307209975174217,299.957724454531,-4.76963831655089,159.127654235207,91.8700491876003,128.080536280739,1872417.73913402,4.58589608650566
9100,9.1,0.0909999999999986,12.2501010244451,0.00267155864596665,0.00417262341251753,300.683272000342,-4.76818973166193,159.214388435733,91.9142871337789,127.939788438672,1872280.71723177,4.58623170295436
9200,9.2,0.0919999999999987,12.3597639511436,0.00321555105330582,0.00396706191121739,300.480511001662,-4.76666924181943,159.289270802192,91.964631090527,127.799040596606,1872125.46524294,4.58661203087915
9300,9.3,0.0929999999999987,12.471319737094,0.00383779824259275,-0.000484717505297615,300.540513587027,-4.76525455986144,159.366658587628,92.013146186571,127.658292754539,1871959.20354223,4.58701939975519
9400,9.4,0.0939999999999987,12.57786588609,0.000744142280718561,0.00165738701577208,299.16723893132,-4.76383462623993,159.45548319598,92.0559688700963,127.517544912472,1871808.23592,4.58738935827903
9500,9.5,0.0949999999999988,12.6861321890492,0.00345732307643297,0.00547958880990941,299.49052577525,-4.76247513941586,159.53425019111,92.1014787940782,127.376797070405,1871590.63343748,4.58792271599885
9600,9.6,0.0959999999999988,12.7910241920061,0.00617572312972495,-0.00380201886884373,298.895927998583,-4.76071446877915,159.614263446773,92.1555205150844,127.236049228339,1871557.73955642,4.5880033518141
9700,9.7,0.0969999999999987,12.898364974798,0.00132091562048977,0.00625503772017632,300.012892749156,-4.75920812451137,159.70258285757,92.1987041758953,127.095301386272,1871398.39449914,4.58839400922785
9800,9.8,0.0979999999999987,12.9938990939458,0.000585888128687555,-0.00214563336411366,300.707522681277,-4.75770332411033,159.79093695164,92.2497388357271,126.954553544205,1871395.45835971,4.58840120822181
9900,9.9,0.0989999999999988,13.1017420705517,0.00581969186351027,0.00932710647104821,299.948509983029,-4.75603067315745,159.870560974401,92.2956049064472,126.813805702138,1871182.10468939,4.58892438137325
10000,10,0.0999999999999987,13.2001578060149,-0.000859363561569764,0.00655443409705503,300.155336148819,-4.75442428602826,159.956923467185,92.3481958474239,126.673057860072,1871180.62643429,4.58892800667847
10100,10.1,0.100999999999999,13.3083221894372,0.0103421162576845,-0.00294130835311544,300.41583570102,-4.75277185729017,160.030150556536,92.4033585275736,126.532310018005,1871074.18588736,4.58918905886472
10200,10.2,0.101999999999999,13.3987053942704,0.00540312513985355,0.000169920966379739,301.371866980001,-4.75130729263464,160.119115730803,92.4526331264706,126.391562175938,1871029.13153738,4.58929956645998
10300,10.3,0.102999999999999,13.4988646091624,0.00215747810190925,0.00939335902705832,299.974429961978,-4.74974606029385,160.215297612195,92.4925813865294,126.250814333871,1870876.28217846,4.58967450920915
10400,10.4,0.103999999999999,13.5992879241192,0.00770058113999138,0.00100431883063738,299.081101301553,-4.74812810229637,160.306978859702,92.5399078370638,126.110066491805,1870816.73784127,4.58982058932542
10500,10.5,0.104999999999999,13.6932386722581,-0.000779004211017511,0.00106511338787143,299.35177420507,-4.74645772344655,160.387497532036,92.5969465016826,125.969318649738,1870819.79781655,4.58981308206172
10600,10.6,0.105999999999999,13.7945402154128,0.0059020393527163,0.00987140316724351,298.668243740187,-4.7446067949973,160.467979591555,92.6486729182568,125.828570807671,1870711.65201352,4.59007841906381
10700,10.7,0.106999999999999,13.8872044368132,0.00524624788640991,-0.00309452371235363,299.513781596824,-4.74302776569473,160.56324578725,92.6991395422368,125.687822965604,1870746.94924206,4.58999181352529
10800,10.8,0.107999999999999,13.9798057526193,0.000445676138592906,0.00716360885410262,300.340591075066,-4.7414558821966,160.652006239156,92.7485564471645,125.547075123538,1870681.76017964,4.59015176444222
10900,10.9,0.108999999999999,14.0682261855474,0.00455698201739918,0.00139985452908063,299.769073610298,-4.73966120534314,160.736292944855,92.8063482022483,125.406327281471,1870729.87208301,4.59003371375974
11000,11,0.109999999999999,14.164734626262,0.00720435544087023,0.00140178727242575,300.749074550395,-4.7379865437189,160.834612983422,92.8506878475762,125.265579439404,1870666.61394802,4.5901889295369
11100,11.1,0.110999999999999,14.2476844273621,-0.00490465901597637,0.0042360753543562,301.532549766337,-4.7362256638914,160.933844630867,92.9034397402317,125.124831597337,1870779.86273052,4.58991105969339
11200,11.2,0.111999999999999,14.3405479532236,0.00721422060386561,0.00715848869804423,300.334879960026,-4.73442440627902,161.008106910023,92.9622489224695,124.984083755271,1870721.23494846,4.59005490598124
11300,11.3,0.112999999999999,14.4247608056261,0.0102323654957422,-0.00528227543708341,299.958780146687,-4.73288487616744,161.097422841807,93.016223400262,124.843335913204,1870736.67378436,4.59001702512636
11400,11.4,0.113999999999999,14.5181720358873,0.00931370516167052,0.0071044141122742,299.298748643075,-4.73108762854273,161.197444236181,93.0596412144653,124.702588071137,1870660.57135973,4.59020375671735
11500,11.5,0.114999999999999,14.5939539872456,-0.00241406582177924,0.00944473150782186,298.947649923892,-4.72918128308815,161.297369684598,93.1161552135505,124.56184022907,1870842.97100495,4.58975623036175
11600,11.6,0.115999999999999,14.6862343052548,0.00925768895575979,0.00426533185295415,300.164491003472,-4.72744402806536,161.376886704356,93.1742518519342,124.421092387004,1870816.7819293,4.58982048116081
11700,11.7,0.116999999999999,14.7647399061845,0.0122787494875021,-0.00477347502405608,301.11473336402,-4.7257339067984,161.467428699589,93.232171840373,124.280344544937,1870911.2186357,4.58958880393055
11800,11.8,0.117999999999999,14.8443344471604,-0.00160342125945548,0.00857116940329997,300.368967078368,-4.72385047604458,161.57713999015,93.2781943601527,124.13959670287,1870985.30865059,4.58940705867512
11900,11.9,0.118999999999999,14.9243377012068,0.0013336665570167,0.00528512094552467,300.366432500211,-4.72203043899746,161.674056943952,93.3326583535891,123.998848860803,1871076.85057236,4.58918252319342
12000,12,0.119999999999999,15.0097632697794,0.0148915762249259,0.0040387798829039,299.475130164602,-4.7200194136428,161.760174712737,93.3913715091247,123.858101018737,1871124.89836658,4.58906467959158
12100,12.1,0.120999999999999,15.083068270852,0.00450150958618719,0.00498321031995346,300.425990019982,-4.71810553293113,161.867139066052,93.4441236573886,123.71735317667,1871290.9030685,4.58865757756753
12200,12.2,0.121999999999999,15.1564649282095,0.000979298826454479,0.0112921159415913,301.563778125167,-4.71639709590035,161.967508829217,93.4966581451229,123.576605334603,1871372.53606507,4.58845741118641
12300,12.3,0.122999999999999,15.2364362126268,0.00884141318561237,-0.0051089500034154,300.167265034599,-4.71455989230137,162.048123548518,93.5620794880321,123.435857492536,1871480.08747909,4.58819371878271
12400,12.4,0.123999999999999,15.3117304989304,0.0105631926685625,0.00851580306137793,299.097781050133,-4.71267095576413,162.144160466718,93.6152333603064,123.29510965047,1871516.61828396,4.58810416018204
12500,12.5,0.124999999999999,15.3752386437799,0.0030753985454183,0.00654973436441249,300.007446469826,-4.71083847519581,162.250212544222,93.6715319108573,123.154361808403,1871727.81895517,4.58758645099997
12600,12.6,0.125999999999999,15.4516024655443,0.00879090440393911,0.00700544172760465,300.338173371035,-4.70885075907747,162.349255399544,93.7265951065033,123.013613966336,1871829.63612283,4.58733691169905
12700,12.7,0.126999999999999,15.5249715673584,0.0028932172109988,0.00900719675984309,299.148575748287,-4.70677056327735,162.450651238791,93.784371710251,122.872866124269,1872008.94118488,4.58689752665579
12800,12.8,0.127999999999999,15.592486544028,0.00346490558893017,0.00592522147927934,299.473618881125,-4.70488655666754,162.550356435274,93.8428985670269,122.732118282203,1872179.86275994,4.58647876360558
12900,12.9,0.128999999999999,15.6614968845366,0.00639764227955867,0.00357342711016402,300.05999053804,-4.70298970016124,162.648830805378,93.9019968037643,122.591370440136,1872344.12912662,4.58607637806618
13000,13,0.129999999999999,15.731591300754,0.0119257247614022,0.00571559701211705,299.469592694968,-4.70091688014508,162.743632535824,93.9627244269328,122.450622598069,1872494.72819689,4.58570753385618
13100,13.1,0.130999999999999,15.7953298513449,0.00166473775495256,0.011046007831553,300.452899898813,-4.69892834114732,162.854266326445,94.0196813561924,122.309874756002,1872748.40901235,4.58508635803723
13200,13.2,0.131999999999999,15.8529046990179,-0.000336108834190115,0.00925730705205153,301.640514278219,-4.69705151003044,162.965916404424,94.0750406387111,122.169126913936,1872977.96441444,4.58452440196379
13300,13.3,0.132999999999999,15.918436490716,0.0111345038496432,0.00288856997641748,299.795124429107,-4.69503552345273,163.048966055855,94.1425009007018,122.028379071869,1873115.78105987,4.58418709031421
13400,13.4,0.133999999999999,15.9835443046307,0.00827461500521263,0.00678892975488973,299.266824552813,-4.69316575388348,163.148956151107,94.2006496558215,121.887631229802,1873259.02838226,4.58383653947416
13500,13.5,0.134999999999999,16.0400654164026,0.0024277137060294,0.00937935590816741,298.679480780199,-4.69106069194914,163.271044821266,94.2522192160044,121.746883387735,1873521.1885324,4.58319512731254
13600,13.6,0.135999999999999,16.0998546169154,0.0027107964009193,0.00458164346101179,300.015234431475,-4.68907343268697,163.370718378077,94.3172202916894,121.606135545669,1873789.06000332,4.58253992697729
13700,13.7,0.136999999999999,16.1503588278376,0.015192840156507,0.00699613922914595,299.400707708743,-4.68689296469206,163.467358431478,94.3831345815375,121.465387703602,1874036.22744876,4.58193553381201
13800,13.8,0.137999999999999,16.2058108009481,0.00221780184829158,0.00811514573499361,300.147857956691,-4.68491224027408,163.59014086613,94.4368986341069,121.324639861535,1874337.75515658,4.58119843052575
13900,13.9,0.138999999999999,16.2585964762459,0.00182034077857034,0.0093096583008408,300.963141532595,-4.68295301518577,163.695764151242,94.4981592063204,121.183892019468,1874587.37039894,4.58058840990223
14000,14,0.139999999999999,16.3066015135006,0.0106452726883514,0.00125887735084416,300.453295384361,-4.68071723499992,163.783707791576,94.5721219261407,121.043144177402,1874882.38296361,4.57986765475152
14100,14.1,0.140999999999999,16.3591359156778,0.00340955378153013,0.0138877080768283,300.244791724223,-4.67848737235817,163.905739024054,94.6284177610504,120.902396335335,1875213.18366576,4.57905973411126
14200,14.2,0.141999999999999,16.4017179822707,0.00247527345963827,0.00439885954567065,300.628763509882,-4.67657661088295,164.019997044359,94.6888807927757,120.761648493268,1875533.45742662,4.57827779515067
14300,14.3,0.142999999999999,16.4525832238128,0.0074734547141089,0.0103555899082844,299.639030673822,-4.67458458175903,164.119600400527,94.7522471902941,120.620900651201,1875739.55385473,4.57777475798939
14400,14.4,0.143999999999999,16.4984789961608,0.00480344976714522,0.007643891706037,298.40469867324,-4.67239403275372,164.219914189274,94.8225089221723,120.480152809135,1876086.13016771,4.57692908876784
14500,14.5,0.144999999999999,16.544255950162,0.00617470141697572,0.0151783547766541,298.785853626903,-4.67028596548607,164.335987728076,94.8794873591516,120.339404967068,1876345.75346639,4.57629579534328
14600,14.6,0.145999999999999,16.5737411880489,0.00917764954839316,0.00376782490798728,299.513879778831,-4.66818373404827,164.460021017788,94.9433856885433,120.198657125001,1876828.85476613,4.57511784326677
14700,14.7,0.146999999999999,16.6175183967297,0.0107439361088436,0.00601993384091359,299.004845594916,-4.66589081491653,164.562401905896,95.0127200831291,120.057909282935,1877168.0132533,4.57429123103206
14800,14.8,0.147999999999999,16.6492654351225,0.00350195540497316,0.013996318370877,298.797934272911,-4.66367476225981,164.68603856332,95.0737445956385,119.917161440868,1877581.17456684,4.57328465927947
14900,14.9,0.148999999999999,16.6806870960066,0.0108013105419426,0.0108083923545893,299.229225250711,-4.6615838294709,164.800015373251,95.1391437479726,119.776413598801,1877966.28621238,4.57234682285846
15000,15,0.149999999999999,16.7028801375947,0.0132378610434946,-0.00360005545050133,299.242116602727,-4.65939410766929,164.912216125834,95.2124525912959,119.635665756734,1878482.92141875,4.57108929992999
15100,15.1,0.150999999999999,16.7242680072455,0.00843115046447784,0.014915470357293,301.555013855856,-4.65735304091672,165.02882383703,95.2752392339171,119.494917914668,1878837.79380779,4.57022591864943
15200,15.2,0.151999999999999,16.7355475235387,-0.00678985240597956,0.010798866661216,300.043371047531,-4.65500234059563,165.155552531203,95.3477679610219,119.354170072601,1879495.57440392,4.56862644378492
15300,15.3,0.152999999999999,16.764973687739,0.0179577832610133,0.0102079469898009,299.523781073374,-4.65282602017687,165.265695729419,95.4122239835094,119.213422230534,1879801.0619297,4.56788399373699
15400,15.4,0.153999999999999,16.760648694433,0.0100657949885855,0.0024755807244212,299.359259533001,-4.65066346743486,165.398277456803,95.4834594006712,119.072674388467,1880490.89760917,4.56620831992087
15500,15.5,0.154999999999999,16.7558278604959,0.0142985821509278,0.00956954851968602,300.168234415282,-4.64844694841025,165.513600350782,95.5571108415224,118.931926546401,1881027.52324425,4.56490565719569
15600,15.6,0.155999999999999,16.714737473114,-0.0019053255074309,0.0104633479549146,299.370988605638,-4.64605052053309,165.655435696003,95.6368741588392,118.791178704334,1881981.09147629,4.56259269611618
15700,15.7,0.156999999999999,16.730443386587,0.0213505175045065,0.0123530560718219,298.872577166625,-4.64374598917718,165.764676842861,95.7064599609137,118.650430862267,1882359.47133602,4.56167555291869
15800,15.8,0.157999999999999,16.6789046863326,0.0139661663936196,0.00923711446432325,300.299479389567,-4.64167947924659,165.904193492638,95.7858193090216,118.5096830202,1883269.26388833,4.55947184337821
15900,15.9,0.158999999999999,16.6282396303661,0.0111266625965384,0.00469496761742006,300.054602858301,-4.63938381384033,166.044018593515,95.86707331443,118.368935178134,1884214.95128329,4.55718344467561
16000,16,0.159999999999999,16.5411594015887,0.00667675158566298,0.0267039498233622,299.13542564132,-4.63704744908017,166.197867791379,95.9428013126856,118.228187336067,1885206.26161488,4.55478711111592
16100,16.1,0.160999999999999,16.4247420535048,0.00992033217348937,0.00445448228263086,299.540415677706,-4.63487007409913,166.347052885243,96.0406041595508,118.087439494,1886573.37179712,4.5514864730752
16200,16.2,0.161999999999999,16.3001312784387,0.0322279467377684,0.0182116105925327,300.123896210016,-4.63271015492779,166.483312276336,96.133621423294,117.946691651933,1887694.7773311,4.54878261322453
16300,16.3,0.162999999999999,16.0891080582929,0.00477462874207654,0.0238460662659451,300.891127019124,-4.63061034423975,166.682947702864,96.2307087788555,117.805943809867,1889609.48263654,4.54417341842378
16400,16.4,0.163999999999999,15.8875464919119,0.0313579006585205,0.00821940693692307,300.88806534187,-4.62855561706088,166.847296468826,96.3376427158674,117.6651959678,1891312.14648695,4.54008250205976
16500,16.5,0.164999999999999,15.609612236902,0.0213460878649122,0.0286933017967482,301.717207358095,-4.62688580151496,167.042762823498,96.4465933465796,117.524448125733,1893401.76311112,4.5350719268843
16600,16.6,0.165999999999999,15.3266706517145,0.0416720393137231,0.0132955921200395,302.12854682173,-4.62516177268933,167.240879109387,96.5611570505541,117.383700283666,1895626.18221722,4.52975025495534
16700,16.7,0.166999999999999,15.0073064495968,0.0200441281610059,0.0282217895096649,304.786552350064,-4.62396044048385,167.464137375068,96.6746505190478,117.2429524416,1898109.11129103,4.52382485870799
16800,16.8,0.167999999999999,14.6665612488018,0.0344543729263306,0.0284820380523572,305.189832701473,-4.62264149459661,167.654844908138,96.8125169351993,117.102204599533,1900696.1306958,4.51766752376934
16900,16.9,0.168999999999999,14.3258969438495,0.0362341288507171,0.0321307870449944,307.06526540047,-4.62170935981336,167.869785865677,96.9424678293886,116.961456757466,1903396.98234757,4.51125711653068
17000,17,0.169999999999999,13.9056710482023,0.0384685136653994,0.0334792399529064,308.111420425638,-4.62085738507889,168.146049758541,97.0696631626172,116.820708915399,1906733.64058397,4.50336271382333
17100,17.1,0.170999999999999,13.4768078097211,0.0302741043005666,0.0679803888015716,312.284828337431,-4.62065371516677,168.413603804347,97.2054583749571,116.679961073333,1910135.15370742,4.49534325648756
17200,17.2,0.171999999999999,12.9608532562061,0.0533017680981918,0.0375509874774768,317.479903081967,-4.62090112480681,168.681074043507,97.3850957292584,116.539213231266,1914392.28294489,4.48534673833392
17300,17.3,0.172999999999999,12.4033800186206,0.0479581498893363,0.0512366711073555,324.764019226266,-4.62178239591118,168.994146717853,97.548778422068,116.398465389199,1918848.78915077,4.47492956753445
17400,17.4,0.173999999999999,11.7830391211762,0.0545927241489123,0.0548721664835948,333.187359933201,-4.62330679176351,169.302977834039,97.7264474636583,116.257717547132,1923527.94835485,4.46404388849276
17500,17.5,0.174999999999999,11.1232755264825,0.0613002658978179,0.0458150314009409,344.10669435147,-4.62575878083133,169.6129552717,97.9076810251584,116.116969705066,1928286.13721841,4.4530285295651
17600,17.6,0.175999999999999,10.4469481937319,0.0614119365591378,0.0463212465549089,358.561973710235,-4.62940462043653,169.917179539914,98.0712943637062,115.976221862999,1932627.49810366,4.44302546177366
17700,17.7,0.176999999999999,9.77684081884614,0.0232603474554898,0.0522661082795049,371.502943207889,-4.63365253811082,170.209668299466,98.225984936677,115.835474020932,1936654.71660729,4.43378631645863
17800,17.8,0.177999999999999,9.12539391580765,0.0312243804111571,0.0389466381912902,384.753194363586,-4.63875331133107,170.39612424839,98.3840622496915,115.694726178865,1939536.80524602,4.42719785413369
17900,17.9,0.178999999999999,8.44028851136606,0.0296817943102607,0.0337908514443415,395.205174689845,-4.64428893020406,170.568251655742,98.5315278541865,115.553978336799,1942040.65455551,4.421489921983
18000,18,0.179999999999999,7.76687585860271,0.0254393811648628,0.0397012725076263,401.804739824438,-4.65005861669794,170.723417999267,98.6650913864118,115.413230494732,1944071.42540214,4.41687124763035
18100,18.1,0.180999999999999,7.14623717719595,0.00707819349675004,0.024718922558432,405.413351104994,-4.65599899386548,170.870176201587,98.7840223867554,115.272482652665,1945712.28177194,4.41314641565538
18200,18.2,0.181999999999999,6.56733739549745,0.00132183749350371,0.0172436005186434,405.906208509388,-4.66199265327692,170.959695540904,98.8996668169613,115.131734810598,1946630.90006438,4.41106384467364
18300,18.3,0.182999999999999,6.04270439433411,0.0330782649791283,0.00173913524975277,401.960885086073,-4.66766693689378,171.07368010962,98.9814479087067,114.990986968532,1947156.24522849,4.40987373419068
18400,18.4,0.183999999999999,5.57046125824174,0.00329610556828948,0.0143163357747571,396.983702517298,-4.67327722234423,171.242492967015,99.0301391399433,114.850239126465,1947649.6390583,4.40875659050782
18500,18.5,0.184999999999999,5.15693819347184,0.00894320335620302,0.0050468332799206,387.284413026459,-4.67821307645523,171.331506067599,99.1093510426784,114.709491284398,1947830.75460231,4.40834665019529
18600,18.6,0.185999999999999,4.83503092954767,0.00815447247406303,0.0225347241255729,379.121363058131,-4.68316817801418,171.411883950335,99.1570633292492,114.568743442331,1947290.45079229,4.40956980952934
18700,18.7,0.186999999999999,4.54254661613551,0.00639858457016145,0.0172531660813595,369.928302903319,-4.68772305912745,171.479362869831,99.2198901040661,114.427995600265,1946896.63058972,4.41046178173184
18800,18.8,0.187999999999999,4.32084055591193,0.0133644386499412,0.00381768988358288,358.653896508449,-4.69165041822913,171.553009251672,99.2805263645347,114.287247758198,1946525.89595736,4.41130179671989
18900,18.9,0.188999999999999,4.12914422717064,0.00595305500931934,0.0165062777395416,349.609668036489,-4.69550334538495,171.633161868098,99.3226592638673,114.146499916131,1945862.46738629,4.41280580005857
19000,19,0.189999999999999,3.96110029170372,-0.00886823384585155,0.00671557952043498,341.265974401414,-4.6990142942246,171.710174390866,99.3853827537355,114.005752074064,1945563.04203133,4.41348493813556
19100,19.1,0.190999999999999,3.87497360343847,0.0163438165144364,0.0224937066596957,331.571061838561,-4.70192269217597,171.734624488645,99.4361147980023,113.865004231998,1944429.84529115,4.41605707863055
19200,19.2,0.191999999999999,3.75233987525121,0.00778032716034453,-0.0186309363593789,324.304646673915,-4.70471144133652,171.80190767019,99.5027128858617,113.724256389931,1944088.40200217,4.41683267764738
19300,19.3,0.192999999999999,3.70818064013743,-0.000282937340839669,0.0265761307867452,318.07668294486,-4.70720624574454,171.893256533364,99.518589315019,113.583508547864,1943024.73992386,4.41925056627687
19400,19.4,0.193999999999999,3.61549227855529,0.0120337623827412,0.00068337943638809,312.228399567334,-4.70931450967675,171.954857272817,99.5970261957038,113.442760705797,1942842.54898895,4.41966498348874
19500,19.5,0.194999999999999,3.58494101388257,0.00428967604277424,-0.00180203240930268,306.738123619047,-4.71101842470127,172.020409259708,99.6460804450012,113.302012863731,1942127.87861819,4.42129134581389
19600,19.6,0.195999999999999,3.53751484195219,-0.00615826947932709,0.0117085350739571,304.502882391199,-4.71273192729856,172.105985881268,99.6897184393649,113.161265021664,1941530.14777844,4.42265251045608
19700,19.7,0.196999999999999,3.50297085843191,0.0198225330908552,0.00398221807498105,301.520074596578,-4.71390212337313,172.165377334879,99.7585320568764,113.020517179597,1941123.46232379,4.42357910192843
19800,19.8,0.197999999999999,3.46316529259957,-0.0049369489489015,-0.00239337322098153,300.465468414189,-4.71494798976171,172.265032102882,99.8126263930059,112.87976933753,1940880.18465739,4.42413357098301
19900,19.9,0.198999999999999,3.45609674628586,0.0194772670386175,0.0264987988424427,299.269913972814,-4.71566893681426,172.349457175192,99.8550124298456,112.739021495464,1940233.73341099,4.42560761331718
20000,20,0.199999999999999,3.42788515527401,0.00165040981209701,-0.0176709692647654,299.892028053312,-4.71635066529953,172.470264818844,99.9270546833763,112.598273653397,1940568.82011031,4.42484342385258
20100,20.1,0.200999999999999,3.42578870301154,0.00590044686984708,0.0252994285726609,301.443186471221,-4.71711621786207,172.563669640585,99.9601972307652,112.45752581133,1939835.91741375,4.42651520425839
20200,20.2,0.201999999999999,3.43202923161408,0.00838051936040805,0.00761644633035213,301.242568772999,-4.7177780437209,172.633332171528,100.033432944303,112.316777969263,1939610.21603382,4.42703029258984
20300,20.3,0.202999999999999,3.41610446193413,0.00938567269240927,0.010630337320301,299.821216359678,-4.71839169814565,172.714872970579,100.107433660317,112.176030127197,1939528.34947546,4.42721715540827
20400,20.4,0.203999999999999,3.42961084074862,0.0230599947440531,0.0139758019738753,299.606434365267,-4.71902175603877,172.799315513313,100.156500061951,112.03528228513,1938991.79096491,4.42844225654272
20500,20.5,0.204999999999999,3.43342004676728,-0.01195955980749,-0.0133917827006409,299.397800643332,-4.71952126527698,172.915700715245,100.218083145981,111.894534443063,1939051.72583685,4.42830537617176
20600,20.6,0.205999999999999,3.44919280619772,0.0243176041176285,0.0287017038493764,299.765525251771,-4.72001589314894,172.989594316372,100.259185059372,111.753786600996,1938234.84908679,4.43017170300293
20700,20.7,0.206999999999999,3.46859089653345,-0.00148206087163609,-0.00725770482687176,299.282294969359,-4.72035782711766,173.108255900392,100.314385225383,111.61303875893,1938188.12800433,4.43027849470931
20800,20.8,0.207999999999999,3.4888774101142,0.0105078557685691,0.0222514615636668,299.314775892545,-4.72062786691066,173.201937816298,100.362920024478,111.472290916863,1937728.6555558,4.43132899829855
20900,20.9,0.208999999999999,3.47090143517347,0.00698333663603678,0.00944062904594013,301.252474206908,-4.72113044040072,173.28565140276,100.43352192669,111.331543074796,1937579.47026286,4.43167019158888
21000,21,0.209999999999999,3.5123331491221,0.0104588834566655,0.0103925032333251,298.971776730153,-4.72121818572279,173.356823373076,100.499890249768,111.190795232729,1937204.03100147,4.43252907013591
21100,21.1,0.210999999999999,3.53401437018747,0.0108531813261924,0.00547486837642057,299.357782553858,-4.7216351877417,173.438789729455,100.56808353342,111.050047390663,1936980.08991451,4.43304153042557
21200,21.2,0.211999999999999,3.53492754854703,0.0128966444609974,0.00743316119696828,300.179004692653,-4.72201474363208,173.526038798263,100.632058775254,110.909299548596,1936729.52451911,4.43361505749264
21300,21.3,0.212999999999999,3.56936939311161,0.00292746009387518,-0.00189854464327414,299.419550380242,-4.72216290661296,173.608643028776,100.691724345654,110.768551706529,1936339.91580889,4.43450714003975
21400,21.4,0.213999999999999,3.57412967149314,0.0151754309344063,0.0189259594793088,300.195780124795,-4.7224236493421,173.708325142768,100.746857038724,110.627803864462,1936049.38205028,4.4351726055175
21500,21.5,0.214999999999999,3.60198703985495,-0.0120949129617731,0.0129670760933102,300.646088219482,-4.72266476695723,173.812245151895,100.813578614361,110.487056022396,1936024.29311612,4.43523008090863
21600,21.6,0.215999999999999,3.61063628514499,0.0144127410942968,0.00626380781065398,300.375842174306,-4.72288272280411,173.862432989208,100.897254927532,110.346308180329,1935721.66658298,4.43592347517404
21700,21.7,0.216999999999999,3.62515715406975,0.0193421564300978,-0.00451181368224667,300.31446256414,-4.72310946936852,173.963144575987,100.964250589027,110.205560338262,1935656.91125584,4.43607187423906
21800,21.8,0.217999999999999,3.6484588477734,0.0130240879738746,0.0156979832490292,299.580485624836,-4.72324161830812,174.08053635464,101.005065345164,110.064812496196,1935271.35363472,4.43695565796052
21900,21.9,0.218999999999999,3.66191544358285,-0.0203734910609025,0.00257774273867517,300.5582645684,-4.72347067490914,174.22171647426,101.054446165127,109.924064654129,1935309.78899045,4.43686753978428
22000,22,0.219999999999999,3.70962970763559,0.0236089035706986,0.0158077144768983,299.320101944065,-4.72343385614901,174.280803854378,101.114740250213,109.783316812062,1934640.93460028,4.43840147731217
22100,22.1,0.220999999999999,3.70980006956944,0.00560497207393447,-0.00608163509128946,299.867553066836,-4.72354297756926,174.398773415201,101.184790945526,109.642568969995,1934807.96931238,4.43801830382689
22200,22.2,0.221999999999999,3.73807331966638,0.0210264303961384,0.0346784570143133,299.236669559993,-4.72354401093857,174.506756140155,101.223128130701,109.501821127929,1934253.27976282,4.43929100290908
22300,22.3,0.222999999999999,3.71108157059608,-0.00580929822004826,0.00212529315146494,300.732373372283,-4.72386291151929,174.612628184366,101.314166312024,109.361073285862,1934677.5319137,4.43831751832299
22400,22.4,0.223999999999999,3.75762036931115,0.0271886323248464,0.0080128208141421,300.434057009849,-4.72399768422618,174.674564145181,101.372650890504,109.220325443795,1933988.72544928,4.43989826269733
22500,22.5,0.224999999999999,3.75650389155619,-0.0119785566951639,0.0122923680992224,300.265070325415,-4.7241333357801,174.820406502488,101.427356009449,109.079577601728,1934152.34122029,4.43952267833306
22600,22.6,0.225999999999999,3.80197361735279,0.0175546150365056,0.0215524245742856,299.58004608247,-4.72412625879576,174.875042739487,101.491802228058,108.938829759662,1933488.1016358,4.44104785280747
22700,22.7,0.226999999999999,3.81908387526221,0.00365693991849177,-0.000891709629302884,300.353537736641,-4.72415636762904,174.957314996243,101.579911556143,108.798081917595,1933575.67743045,4.44084670821338
22800,22.8,0.227999999999999,3.85405131961588,0.00716631073829617,0.0169281043826238,300.335577502103,-4.72407908427295,175.058363237129,101.633918046444,108.657334075528,1933216.87367094,4.44167092639397
22900,22.9,0.228999999999999,3.85261738383027,0.0037281506460285,0.00884581583852536,299.546759670991,-4.72396485755678,175.180837352242,101.696645816192,108.516586233461,1933255.92612863,4.44158120306061
23000,23,0.229999999999999,3.87063916884428,0.0198367460248825,0.0111768757232899,300.315270463861,-4.72406635743222,175.261482770596,101.768021633401,108.375838391395,1932993.01092054,4.44218532280636
23100,23.1,0.230999999999999,3.88767767020606,0.00253790506306004,-0.00312661391344799,300.826605425231,-4.72415496403884,175.38577560662,101.836907910952,108.235090549328,1933159.36094107,4.44180306895053
23200,23.2,0.231999999999999,3.93956096629325,0.00687845405648739,0.0194794955318565,300.266758385592,-4.7240747066691,175.492091525918,101.882998742776,108.094342707261,1932690.15393293,4.44288142345266
23300,23.3,0.232999999999999,3.95612228963093,-0.000420535583729695,0.00316744926307129,299.988258090108,-4.72399465276729,175.577266318373,101.968254295273,107.953594865194,1932726.38737484,4.44279813132863
23400,23.4,0.233999999999999,3.97112953240586,0.0276666993078117,0.0126888037154795,300.108542295917,-4.72398996359593,175.628780245109,102.051788554297,107.812847023128,1932354.5776632,4.44365298245749
23500,23.5,0.234999999999999,3.99448838181823,0.0064243831514199,0.0137816944578275,299.684781102509,-4.72393421237314,175.740967458305,102.120020061569,107.672099181061,1932355.75306972,4.44365027948799
23600,23.6,0.235999999999999,4.00158649636785,0.0162860393265182,0.0162460816157559,300.007494314217,-4.72389304100954,175.84106050868,102.182137752408,107.531351338994,1932103.47782216,4.44423048804678
23700,23.7,0.236999999999999,3.99976894881171,0.0134692196974344,0.000581743064962627,299.468362803673,-4.72378425692033,175.955305477219,102.262691930052,107.390603496927,1932350.3498973,4.44366270467198
23800,23.8,0.237999999999999,4.01539767145635,0.0181535514748838,0.0175787317067018,299.914450633052,-4.72381322168849,176.075335431452,102.310520595269,107.249855654861,1932037.42734451,4.44438242275695
23900,23.9,0.238999999999999,4.03152952760384,0.0141593159586892,0.0182194461476261,299.895891884605,-4.72377960968624,176.18518125571,102.373287195431,107.109107812794,1931890.14925264,4.44472124127776
24000,24,0.239999999999999,4.04738555814666,0.00484358743716893,0.00128029550296386,299.630465397675,-4.72373355212905,176.266479480432,102.46057106312,106.968359970727,1931887.53326274,4.44472725992308
24100,24.1,0.240999999999999,4.08678429152164,0.0177646486939714,0.00754468641047878,301.135470195858,-4.72390293658566,176.366233134428,102.519304081872,106.82761212866,1931544.01748055,4.44551773321672
24200,24.2,0.241999999999999,4.12132017735173,0.0117467023599312,0.011384697659385,299.995545075806,-4.72369571514904,176.496185497697,102.573020540505,106.686864286594,1931431.98437179,4.44577559638548
24300,24.3,0.242999999999999,4.15411574832348,0.00815940352269602,0.0160572875075825,299.343155402387,-4.7234813805083,176.598360890242,102.636706174578,106.546116444527,1931198.87168462,4.44631224059701
24400,24.4,0.243999999999999,4.16477639911796,-0.00920181021603174,0.00142626410017726,300.830140310954,-4.72342974310056,176.677784662251,102.732914567284,106.40536860246,1931323.81129668,4.44602460342132
24500,24.5,0.244999999999999,4.2134541535105,0.0376720656147501,0.00917519032021702,300.964914745192,-4.72323795468926,176.730365766795,102.809987411583,106.264620760393,1930790.61377171,4.44725239544476
24600,24.6,0.245999999999999,4.20596728941411,-0.0074049812276808,0.0126245146624653,300.581164091828,-4.72308698722462,176.887111643018,102.875307910657,106.123872918327,1931169.65867245,4.44637950044288
24700,24.7,0.246999999999999,4.21700718818415,0.0097786234804475,0.0173349332374764,300.173669903282,-4.72305720890796,176.967309731858,102.952599790304,105.98312507626,1930932.48080435,4.44692565253323
24800,24.8,0.247999999999999,4.24619476192061,0.0194644981116022,-0.0118102178037411,299.991868374923,-4.72303188584386,177.047297613854,103.028979675355,105.842377234193,1930671.06005434,4.44752778443616
24900,24.9,0.248999999999999,4.27239771190098,0.00326382054226928,0.0224328761189407,300.132753664193,-4.7229106309012,177.173637496786,103.084630051073,105.701629392126,1930521.75623046,4.44787174994851
25000,25,0.249999999999999,4.26302233649626,0.00640908131441769,0.0158080779704613,300.379366017119,-4.72275716286668,177.279219859728,103.164751246702,105.56088155006,1930599.43883974,4.44769277844551
